time,weathercode (wmo code),temperature_2m_mean (°C),apparent_temperature_mean (°C),shortwave_radiation_sum (MJ/m²),precipitation_sum (mm),rain_sum (mm),precipitation_hours (h),windspeed_10m_max (km/h),windgusts_10m_max (km/h),winddirection_10m_dominant (°),et0_fao_evapotranspiration (mm)
2/18/2020,1,22,22,25.14,0,0,0,14.8,34.9,94,5.97
2/19/2020,1,22.5,23,24.39,0,0,0,15.5,29.2,97,5.63
2/20/2020,0,22,22.1,25.55,0,0,0,15.4,31.3,98,5.97
2/21/2020,2,22.3,22.8,25.47,0,0,0,15.6,28.8,105,5.84
2/22/2020,3,22.6,23.8,24.66,0,0,0,15.7,29.5,97,5.56
2/23/2020,3,23,23.9,24.09,0,0,0,15.8,29.2,104,5.41
2/24/2020,3,23.3,24,24.46,0,0,0,15.1,29.2,113,5.38
2/25/2020,2,23.9,25.2,24.44,0,0,0,13.8,25.6,124,5.39
2/26/2020,2,24.2,25.8,21.24,0,0,0,13.8,30.2,108,4.93
2/27/2020,2,24.2,25.4,20.38,0,0,0,17.7,31.7,98,4.99
2/28/2020,3,23.6,24.9,22.74,0,0,0,18.2,36,105,5.25
2/29/2020,3,24,25.5,23.91,0,0,0,19.6,37.8,107,5.53
3/1/2020,2,23.9,25.7,22.03,0,0,0,18,37.1,111,5.17
3/2/2020,3,23.2,25.9,17.43,0,0,0,14.7,29.2,142,3.8
3/3/2020,2,24.6,27.2,20.79,0,0,0,8.4,23.8,157,4.27
3/4/2020,51,25,27.2,20.22,0.5,0.5,3,11,26.3,305,4.53
3/5/2020,51,24.6,27.3,20.9,0.2,0.2,2,13.3,27.7,169,4.74
3/6/2020,51,24.4,27.3,19,0.7,0.7,4,13.5,31.7,193,4.33
3/7/2020,51,24.3,27.8,19.81,0.8,0.8,5,11.5,31,164,4.36
3/8/2020,2,24.9,28.2,20.41,0,0,0,13.4,25.9,140,4.81
3/9/2020,51,24.8,27.9,19.84,0.1,0.1,1,12.2,25.2,139,4.47
3/10/2020,1,25.5,27.9,22.51,0,0,0,12.7,23.4,136,5.24
3/11/2020,1,25.8,27.2,25.01,0,0,0,12.8,27.7,158,6.13
3/12/2020,1,25.7,26.9,24.48,0,0,0,14.8,27.4,159,5.86
3/13/2020,1,25.5,26.5,26.29,0,0,0,15.8,31,129,6.44
3/14/2020,1,25.3,26.5,26.4,0,0,0,15.1,27,117,6.18
3/15/2020,2,25.4,26.9,26.12,0,0,0,16,30.2,107,6.35
3/16/2020,2,25.4,27.1,25.99,0,0,0,15.8,29.9,121,6.11
3/17/2020,1,25.3,26.3,26.55,0,0,0,17.3,40.7,124,6.72
3/18/2020,1,25.7,26.2,27.04,0,0,0,14.8,34.6,126,6.92
3/19/2020,1,26.3,27.6,26.16,0,0,0,13.4,23.8,156,6.21
3/20/2020,55,25.1,27.4,21.86,1.9,1.9,5,10.7,28.8,190,5.08
3/21/2020,1,26.4,28.3,25.3,0,0,0,12.8,25.2,245,5.67
3/22/2020,51,25.5,28,21.09,0.2,0.2,2,10.9,26.6,164,4.76
3/23/2020,63,24.6,27.7,20.86,5.9,5.9,5,11.6,26.3,145,4.56
3/24/2020,1,25.9,28.2,24.41,0,0,0,15.8,27,115,5.86
3/25/2020,1,25.4,27,26.45,0,0,0,14.2,27.7,124,6.3
3/26/2020,1,25.4,27,26.4,0,0,0,15.3,32,106,6.49
3/27/2020,1,25.1,26.2,27.08,0,0,0,14.2,28.1,112,6.48
3/28/2020,0,25.2,25.5,27.7,0,0,0,13.4,32.4,102,6.93
3/29/2020,0,25.7,26.1,27.59,0,0,0,13.7,31.3,108,7.12
3/30/2020,1,26,26.9,27.36,0,0,0,15.5,35.3,107,7.26
3/31/2020,1,26.1,26.5,27.72,0,0,0,15.3,34.6,108,7.3
4/1/2020,0,26.9,27.4,27.82,0,0,0,14.7,35.6,108,7.44
4/2/2020,1,27.2,28.5,26.79,0,0,0,15.3,31.3,129,7.1
4/3/2020,1,27.1,28.7,27.2,0,0,0,15,28.8,132,7.06
4/4/2020,0,26.8,28.5,27.55,0,0,0,16.1,28.1,137,6.83
4/5/2020,2,27.1,29.6,25.25,0,0,0,15.3,29.5,144,5.94
4/6/2020,55,26.7,29.6,21.61,3.1,3.1,5,12.6,28.8,210,5.13
4/7/2020,63,25.1,28.1,20.54,11.5,11.5,6,7.9,25.2,248,4.3
4/8/2020,61,24.4,28.4,19.45,10.9,10.9,8,11.2,25.2,329,4.21
4/9/2020,61,24.9,27.6,22.74,1.6,1.6,2,11.2,25.9,113,4.91
4/10/2020,51,25.4,27,23.57,0.3,0.3,1,10.6,27.4,136,5.24
4/11/2020,0,25.6,27.6,26.43,0,0,0,10.5,27,120,6.08
4/12/2020,1,25.8,27.7,24.3,0,0,0,12.6,28.4,105,6
4/13/2020,0,26.3,27.2,27.71,0,0,0,12.6,29.2,92,6.96
4/14/2020,0,26,26.1,28.44,0,0,0,17,37.8,96,7.49
4/15/2020,0,26,27.1,27.98,0,0,0,12.9,22.7,115,6.77
4/16/2020,1,26.9,28.6,26.03,0,0,0,12.2,24.8,131,6.29
4/17/2020,0,27.5,29.1,25.08,0,0,0,11.3,29.2,127,6.39
4/18/2020,1,27.4,29.4,23.75,0,0,0,11.9,31.3,126,5.85
4/19/2020,0,27.2,29,24.02,0,0,0,13.7,28.4,118,6.1
4/20/2020,1,27,29.1,26.4,0,0,0,13.6,31.7,119,6.54
4/21/2020,0,27,29,27.03,0,0,0,13.4,24.5,134,6.38
4/22/2020,2,27.9,30,25.43,0,0,0,10.5,24.1,153,6.34
4/23/2020,2,28.8,31.1,24.53,0,0,0,8.7,22.3,120,5.93
4/24/2020,63,26.6,29.9,19.53,8.6,8.6,6,11.6,29.9,188,4.6
4/25/2020,63,25.6,29.5,21.05,8.1,8.1,3,12.8,24.8,268,4.53
4/26/2020,53,26,29.3,23.52,1.7,1.7,3,9.3,22.3,182,4.79
4/27/2020,2,26.5,29.5,22.75,0,0,0,10.2,25.9,257,5.03
4/28/2020,1,26.3,29.5,23.89,0,0,0,14.7,21.6,157,5.41
4/29/2020,53,24.6,27,16.96,1.6,1.6,4,9.4,25.9,208,3.45
4/30/2020,2,26,28.9,22.35,0,0,0,9.4,28.1,110,5.01
5/1/2020,2,26.9,29.5,24.53,0,0,0,9.6,28.1,335,5.61
5/2/2020,1,27.4,30.1,24.23,0,0,0,7.6,24.5,17,5.36
5/3/2020,1,27.7,30,23.62,0,0,0,10,24.5,83,5.49
5/4/2020,1,27.8,30.5,23.2,0,0,0,7.7,26.6,131,5.16
5/5/2020,1,27.7,30.6,24.65,0,0,0,7.6,22.7,120,5.58
5/6/2020,1,28,29.9,23.82,0,0,0,7.7,21.6,142,5.54
5/7/2020,51,27.4,29.8,22.7,0.2,0.2,1,10.2,23,71,5.13
5/8/2020,1,27.5,30.7,24.15,0,0,0,8.7,26.6,122,5.19
5/9/2020,1,28.1,31,23.71,0,0,0,12.8,30.2,112,5.82
5/10/2020,1,27.9,30.4,26.2,0,0,0,11.8,24.8,125,6.42
5/11/2020,1,27.2,29.5,23.79,0,0,0,12.1,29.2,102,5.89
5/12/2020,1,26.9,29.3,25.05,0,0,0,16.1,31,100,6.09
5/13/2020,1,26.9,30,24.31,0,0,0,12.2,22.7,141,5.75
5/14/2020,1,28,30.6,24.7,0,0,0,13.4,28.1,111,5.99
5/15/2020,1,28,30.8,25.52,0,0,0,12.1,24.8,78,6.14
5/16/2020,51,27.6,30.3,21.64,0.2,0.2,1,10.7,25.6,344,5.19
5/17/2020,61,26.7,30,19.28,6,6,6,14.4,32.8,330,4.63
5/18/2020,61,25.7,27.2,20.44,5.9,5.9,13,20.9,44.3,295,4.44
5/19/2020,53,25.9,27.7,22.44,0.7,0.7,2,23.2,57.2,283,5.17
5/20/2020,51,26.2,28.9,24.97,0.2,0.2,1,18.3,43.9,277,5.83
5/21/2020,51,26.4,30,24.4,0.1,0.1,1,14.5,31.7,267,5.5
5/22/2020,3,27,30.2,22.81,0,0,0,17.2,35.6,277,5.4
5/23/2020,2,28.1,31.2,21.93,0,0,0,14,31.7,282,5.33
5/24/2020,51,27.6,30.8,24.25,0.1,0.1,1,13.9,29.9,285,5.5
5/25/2020,2,27.7,30.8,22.74,0,0,0,13.4,29.5,274,5.16
5/26/2020,53,27.2,30.8,22.26,0.9,0.9,2,15.3,28.8,278,4.98
5/27/2020,51,26.8,30.3,22.27,0.7,0.7,4,11.4,27.7,280,4.81
5/28/2020,51,27.1,29.6,23.95,0.1,0.1,1,18.4,38.9,274,5.37
5/29/2020,55,26.3,28.9,22.92,2.9,2.9,8,14,31.7,268,5
5/30/2020,63,25.2,28.9,19.22,18.1,18.1,8,10.4,26.6,327,4.05
5/31/2020,55,25.2,29.8,23.65,1.6,1.6,3,10.8,30.6,198,5
6/1/2020,63,24,28.3,19.25,11,11,8,12,29.9,230,3.97
6/2/2020,51,23.1,26.5,14.28,0.4,0.4,2,20.6,43.2,228,3.53
6/3/2020,51,24.2,26.6,18.22,0.7,0.7,3,22.5,47.2,230,4.37
6/4/2020,55,24,27.5,20.08,2.5,2.5,5,22.5,46.4,241,4.45
6/5/2020,63,24,27.9,19.91,3.4,3.4,4,17.6,40,254,4.43
6/6/2020,61,23.7,27.8,19.14,10.2,10.2,10,15.8,36.4,266,4.17
6/7/2020,55,23.4,26.9,19.2,2.8,2.8,5,18.7,42.1,261,4.33
6/8/2020,51,24.7,27.6,20.55,0.2,0.2,1,16.5,40.7,278,4.97
6/9/2020,53,23.7,27.5,13.55,1.3,1.3,4,17.6,38.5,282,3.46
6/10/2020,53,23.6,26.5,11.87,2.5,2.5,7,20.8,40.7,278,3.05
6/11/2020,61,22.7,24.4,9.79,3,3,5,20.2,54.7,276,2.65
6/12/2020,51,23,23.7,18.6,0.9,0.9,6,28.3,62.3,257,4.12
6/13/2020,61,23,24.6,15.15,2.3,2.3,4,24.7,48.2,246,3.5
6/14/2020,53,23.9,25.6,17.57,1.3,1.3,7,26.8,57.6,253,3.96
6/15/2020,3,24.5,26.1,18.04,0,0,0,27.9,54,256,4.36
6/16/2020,51,23.9,26.2,16.75,0.1,0.1,1,25.1,56.2,245,3.87
6/17/2020,3,23.4,24.9,11.98,0,0,0,27.3,54,248,3.19
6/18/2020,53,23.6,25.3,13.02,0.8,0.8,2,25.5,52.6,256,3.39
6/19/2020,53,24,26.5,16.55,2,2,5,19.9,44.6,272,3.99
6/20/2020,3,24.7,26.3,17.38,0,0,0,21,41.8,273,4.27
6/21/2020,61,23.4,25.3,17.6,3.4,3.4,8,19.1,43.6,269,3.85
6/22/2020,61,22.7,24.9,12.74,4.3,4.3,7,21.6,43.9,268,3.08
6/23/2020,55,23.7,27,21.44,1.5,1.5,4,18.6,46.8,266,4.56
6/24/2020,55,24,27.5,19.36,5.7,5.7,7,13,30.6,255,4.16
6/25/2020,63,23.4,27.6,17.93,22.9,22.9,20,9.3,19.4,255,3.7
6/26/2020,61,23,27.9,15.83,14.4,14.4,16,9.2,24.1,235,3.34
6/27/2020,51,23.8,27.4,21.8,0.2,0.2,1,16.3,33.8,246,4.39
6/28/2020,61,23.3,27.3,13.67,5.3,5.3,4,13.3,26.6,260,2.95
6/29/2020,53,23.2,27.4,15.65,2.8,2.8,8,12.6,27,264,3.38
6/30/2020,53,23.3,26.6,16.19,1.4,1.4,6,18,38.5,258,3.55
7/1/2020,63,22.8,26.6,16.03,6.6,6.6,6,16.4,36.7,257,3.5
7/2/2020,63,21.6,24.9,9.76,10.8,10.8,16,17.1,45.7,259,2.19
7/3/2020,63,21.7,24.2,12,18.5,18.5,19,23.9,55.8,264,2.52
7/4/2020,53,21.2,24.6,7.7,6.3,6.3,15,22.6,47.2,251,2
7/5/2020,51,22.7,25.1,13.98,0.9,0.9,5,23.6,47.5,250,3.02
7/6/2020,53,22.9,25.3,13.79,1,1,5,22.2,46.4,256,3.17
7/7/2020,53,23,25.6,15.69,1.8,1.8,8,20.8,46.4,247,3.47
7/8/2020,63,22.3,25.6,14.72,12.5,12.5,11,16.2,38.5,256,3.06
7/9/2020,61,21.8,25.5,12.95,12,12,16,13,35.3,267,2.66
7/10/2020,61,22.1,25.2,14.94,6.9,6.9,12,15.9,34.9,251,2.9
7/11/2020,63,22.7,26.4,17.91,9.7,9.7,6,16.3,36.7,255,3.63
7/12/2020,61,22.9,26.7,18.56,3.5,3.5,9,15.9,33.5,259,3.88
7/13/2020,61,22.1,26,13.49,3.9,3.9,9,14.5,34.2,269,2.98
7/14/2020,61,22.1,25.8,11.8,5.9,5.9,14,18.7,45,270,2.54
7/15/2020,63,21.7,24.5,11.33,19.3,19.3,21,19,46.8,251,2.36
7/16/2020,61,21.7,23.9,11.61,10.5,10.5,20,19.7,50,244,2.2
7/17/2020,53,21.3,24.3,8.42,8.7,8.7,20,25.1,50.8,248,1.94
7/18/2020,61,22,25.5,13.21,11.1,11.1,11,16.2,34.6,252,2.76
7/19/2020,61,22.8,27.6,15.57,5.5,5.5,9,11.8,28.1,264,3.25
7/20/2020,53,23.2,27.2,17.78,4.6,4.6,12,11.5,28.8,191,3.64
7/21/2020,3,23.4,27.6,21.75,0,0,0,14.3,34.2,225,4.43
7/22/2020,51,24.2,29.1,21.95,0.3,0.3,2,10.8,25.9,166,4.63
7/23/2020,55,23.5,28.7,18.85,6.2,6.2,9,7.6,19.1,256,3.89
7/24/2020,65,22.2,26,8.95,56.8,56.8,12,16.2,33.8,233,2.04
7/25/2020,61,22.7,25.7,18.78,2.6,2.6,3,17.7,41.8,250,3.8
7/26/2020,53,22.4,25.6,14.87,5.2,5.2,9,17.5,36.4,256,3.18
7/27/2020,55,22.3,25.8,17.34,2.1,2.1,4,17.1,37.8,283,3.57
7/28/2020,61,22.6,26.4,14.4,6.7,6.7,7,17.5,36.7,293,3.13
7/29/2020,61,21.2,25.6,6.59,7.7,7.7,11,10.4,26.3,259,1.47
7/30/2020,61,22.2,25.6,13.41,6.5,6.5,15,19.1,39.6,260,2.83
7/31/2020,61,22.5,26.5,17.15,3.7,3.7,6,15.1,33.1,249,3.57
8/1/2020,3,22.6,25,14.58,0,0,0,20,41.8,252,3.08
8/2/2020,63,21.8,23.9,11.87,10.4,10.4,15,25.7,52.9,248,2.55
8/3/2020,53,21.6,23.8,10.24,6.1,6.1,18,29.1,54.7,255,2.01
8/4/2020,55,20.9,22.8,8.16,10.5,10.5,24,32,78.1,256,2.07
8/5/2020,61,21.3,22.4,11.23,13.2,13.2,19,36.9,73.1,252,2.63
8/6/2020,61,22.5,24.6,16.17,6.1,6.1,14,31.1,69.8,255,3.59
8/7/2020,51,22.6,25.2,8.68,0.2,0.2,2,25.2,49.7,259,2.39
8/8/2020,63,21.8,25.4,10.86,30.5,30.5,14,21,50.8,270,2.54
8/9/2020,63,21,24.2,6.88,28.5,28.5,17,16,41,264,1.66
8/10/2020,61,21.4,24.3,9.89,10.3,10.3,15,20.3,48.2,258,2.3
8/11/2020,51,22.1,25,16.58,3.2,3.2,15,21.3,46.8,265,3.34
8/12/2020,53,22.2,24.8,13.11,1.3,1.3,6,24.2,50,263,2.97
8/13/2020,3,22.5,25,11.58,0,0,0,22.8,45,271,2.96
8/14/2020,3,22.4,24.2,12.83,0,0,0,22.9,46.4,259,3.09
8/15/2020,3,21.9,23.5,11.08,0,0,0,26.7,50.8,254,2.82
8/16/2020,51,21.9,23.3,11.23,0.9,0.9,6,24.3,49,259,2.62
8/17/2020,61,22,24,16.67,4.5,4.5,7,24.1,52.2,258,3.17
8/18/2020,53,22.1,24.8,12.74,1.2,1.2,4,22,43.9,266,2.84
8/19/2020,3,22.4,24.9,9.71,0,0,0,20.5,40.7,274,2.37
8/20/2020,51,22.1,24.9,13.56,1,1,5,18.4,41,265,2.85
8/21/2020,51,22.7,25.9,14.55,0.3,0.3,2,18.9,38.5,251,3.16
8/22/2020,53,22.6,26.7,17.67,1.1,1.1,5,15.8,33.1,263,3.52
8/23/2020,53,22.8,26.6,15.61,0.6,0.6,2,14.8,34.6,262,3.15
8/24/2020,3,22.9,26.4,13.71,0,0,0,11.9,29.5,257,2.8
8/25/2020,2,23.6,27.4,24.2,0,0,0,11.5,27,286,4.82
8/26/2020,2,23.6,27.5,22.03,0,0,0,11.5,26.3,309,4.52
8/27/2020,3,22.8,25.9,18.41,0,0,0,12.8,28.8,285,3.81
8/28/2020,3,22.9,26.5,22.49,0,0,0,13.1,30.2,274,4.64
8/29/2020,3,23,26.7,19.95,0,0,0,13.7,30.6,267,4.24
8/30/2020,53,23.3,27.6,21.14,1.4,1.4,4,14.8,32.4,276,4.34
8/31/2020,53,23.2,26.9,17.61,0.9,0.9,2,11.2,24.1,308,3.65
9/1/2020,63,22.9,26.1,16.83,11.3,11.3,11,14.5,34.6,327,3.34
9/2/2020,61,22.1,25.7,12.04,11.8,11.8,16,13.7,31.7,2,2.42
9/3/2020,63,22.2,27.1,16.15,8.4,8.4,14,7.9,24.8,131,3.33
9/4/2020,61,22.6,27.8,18.03,5.1,5.1,10,8.4,24.5,124,3.6
9/5/2020,61,22.9,28.4,16.52,4.3,4.3,6,8.1,22.7,125,3.46
9/6/2020,61,23,28.5,18.75,6.2,6.2,8,8.4,22,149,3.87
9/7/2020,3,23.2,26,18.83,0,0,0,21.6,41,238,3.92
9/8/2020,55,22.9,27.7,20.22,5.5,5.5,11,9.1,24.1,240,4.05
9/9/2020,55,22.5,26.8,16.33,4.3,4.3,7,12.1,24.1,241,3.31
9/10/2020,63,21.4,24.3,14.2,12.5,12.5,17,20.2,41.8,241,2.74
9/11/2020,61,21.3,23.6,11.39,8.2,8.2,14,23.8,47.2,240,2.33
9/12/2020,61,21,23.6,8.53,9.3,9.3,17,21.9,43.9,248,1.88
9/13/2020,63,20.6,23,7.83,17.4,17.4,20,17.3,41,265,1.62
9/14/2020,51,21.4,23.6,10.86,1.1,1.1,7,20,48.2,273,2.43
9/15/2020,63,21.6,24.8,14.44,12.6,12.6,15,22.1,45.4,263,2.97
9/16/2020,53,22.1,25,12.69,1,1,4,20.9,44.3,263,2.74
9/17/2020,53,22.3,25.3,16.25,1.5,1.5,3,19.2,37.4,264,3.38
9/18/2020,61,22.1,25.1,13.72,4.2,4.2,9,24.8,49,271,2.88
9/19/2020,61,21.3,23.5,9.51,9.9,9.9,15,20.1,50.4,259,2.12
9/20/2020,61,20.5,22.2,5.84,12.7,12.7,20,24.2,55.8,252,1.47
9/21/2020,61,21,22.6,11.72,13.2,13.2,23,30.6,59,250,2.6
9/22/2020,51,22.3,23.1,19.29,0.6,0.6,3,30.8,59.8,251,4.27
9/23/2020,3,22.2,24.1,18.24,0,0,0,22.3,49,251,3.97
9/24/2020,61,22,25.7,17.09,3.2,3.2,9,16,33.1,249,3.45
9/25/2020,61,22.5,26.5,16.86,6.6,6.6,10,14.7,28.4,251,3.43
9/26/2020,51,21.5,24.6,9.97,0.3,0.3,3,15.5,34.6,262,2.14
9/27/2020,3,22.1,25.7,15.54,0,0,0,16.4,37.8,288,3.26
9/28/2020,51,22.3,26.4,19.95,0.1,0.1,1,13.9,30.6,305,3.99
9/29/2020,63,21.5,25,15.23,14.8,14.8,12,14.7,29.5,299,2.9
9/30/2020,61,21,24.3,9.53,7.8,7.8,14,14.4,31.3,275,2.02
10/1/2020,51,22,25.1,17.83,0.6,0.6,4,17.6,37.1,298,3.54
10/2/2020,51,22.3,26.4,20.9,0.7,0.7,5,13.2,31,290,4.08
10/3/2020,51,22.7,26,20.48,0.4,0.4,2,16.9,35.3,279,3.96
10/4/2020,51,22.1,24.3,16.59,0.3,0.3,1,16.7,37.8,280,3.35
10/5/2020,51,22.2,25.4,19.58,0.5,0.5,3,15.8,37.1,299,3.84
10/6/2020,1,23.1,27.3,21.68,0,0,0,11.2,27.4,309,4.34
10/7/2020,51,23.2,27.3,18.84,0.1,0.1,1,13.2,29.5,298,3.85
10/8/2020,3,23.3,27.9,19.06,0,0,0,9.4,23,300,3.88
10/9/2020,51,23.3,27.5,17.85,0.1,0.1,1,6.9,18.7,262,3.68
10/10/2020,55,22.2,25.7,12.01,9,9,14,15,28.1,284,2.52
10/11/2020,61,20.8,24.5,7.48,17,17,22,17.8,37.1,268,1.63
10/12/2020,61,20.9,24.1,11.15,10.6,10.6,17,16.6,42.1,251,2.24
10/13/2020,53,21.3,23.1,9.53,3.8,3.8,14,22.3,47.5,262,2.26
10/14/2020,51,21.3,22.3,19.84,0.2,0.2,2,28.8,56.5,247,3.88
10/15/2020,3,21.8,23.7,14.97,0,0,0,24,47.5,240,3.2
10/16/2020,51,21.9,25.1,16.23,0.5,0.5,5,15.1,31.3,245,3.26
10/17/2020,2,22.1,25.7,20.28,0,0,0,8.7,20.5,283,4.03
10/18/2020,53,22.5,26.2,15.7,0.9,0.9,2,9.4,22.7,304,3.24
10/19/2020,61,22.2,26.5,15.04,8.3,8.3,19,10.5,29.9,301,2.94
10/20/2020,61,21.6,25.4,9.97,4,4,10,12.2,30.2,299,2
10/21/2020,63,20.7,24.9,8.79,16.1,16.1,21,14.6,33.5,299,1.79
10/22/2020,53,21,24.6,7.15,3.5,3.5,9,16.2,31.3,257,1.53
10/23/2020,53,21.1,24,8.75,2.9,2.9,7,13.3,27.4,252,1.86
10/24/2020,63,19.8,22.9,7.29,28,28,15,11.6,20.9,242,1.52
10/25/2020,51,22,26.7,18.45,0.3,0.3,3,6.3,16.6,238,3.67
10/26/2020,51,22.4,26.5,18.51,0.1,0.1,1,7.9,21.6,26,3.77
10/27/2020,0,21.8,25.3,22.67,0,0,0,10.5,25.2,45,4.6
10/28/2020,1,21.2,24.1,21.76,0,0,0,13.3,29.5,34,4.4
10/29/2020,3,20.9,23,21.4,0,0,0,13.3,30.2,46,4.34
10/30/2020,2,21.2,23.2,20.77,0,0,0,11.3,26.6,56,4.6
10/31/2020,2,21.5,24.9,19.35,0,0,0,8.2,22,57,3.93
11/1/2020,2,22.4,26.1,18.91,0,0,0,6.6,16.2,64,3.86
11/2/2020,51,23,26.5,19.22,0.1,0.1,1,8,18,77,3.92
11/3/2020,2,22.9,26.4,19.27,0,0,0,12.1,28.8,72,3.97
11/4/2020,51,22.4,26.3,18.01,1.2,1.2,7,9.4,23.8,62,3.69
11/5/2020,61,22.3,26.1,17.4,5,5,6,12.9,31.7,72,3.58
11/6/2020,51,22.2,26,16.93,0.2,0.2,2,16.6,37.1,90,3.47
11/7/2020,61,21.8,25.8,16.12,2.7,2.7,7,13.7,31.7,71,3.31
11/8/2020,3,21.9,24.9,15.04,0,0,0,18.2,39.2,72,3.13
11/9/2020,3,21.3,24.3,19.22,0,0,0,14,31.3,35,3.92
11/10/2020,1,19.4,20.7,23.05,0,0,0,12.3,25.9,53,4.5
11/11/2020,1,20.2,21.9,22.53,0,0,0,13.8,30.6,55,4.38
11/12/2020,51,22,24.8,13.13,0.4,0.4,3,18.1,34.6,51,2.83
11/13/2020,61,21.7,24.8,12.57,4,4,5,15.5,33.1,78,2.5
11/14/2020,51,22,24.5,13.96,0.6,0.6,2,18.5,39.6,73,3.1
11/15/2020,53,20.9,23.6,10.07,4.1,4.1,12,18.2,41,54,2.04
11/16/2020,61,21.1,24,9.53,6.8,6.8,16,17.3,36.7,83,1.88
11/17/2020,53,21.2,23.6,11.68,2.4,2.4,9,21.6,47.2,94,2.43
11/18/2020,51,21.5,24.1,13.6,0.1,0.1,1,17.4,36,104,2.9
11/19/2020,51,21.4,24.4,14.26,0.1,0.1,1,17.5,34.9,104,3.08
11/20/2020,3,21.2,24,21.7,0,0,0,13.6,31.7,101,4.35
11/21/2020,0,19.5,21.4,22.74,0,0,0,12.6,27.4,69,4.67
11/22/2020,2,19.4,20.4,21.71,0,0,0,16.7,36.4,70,4.33
11/23/2020,3,20.4,22.5,17.6,0,0,0,20.2,41.4,58,3.53
11/24/2020,3,20.7,22.7,11.92,0,0,0,17.3,37.1,38,2.74
11/25/2020,53,20.3,21.5,13.22,0.6,0.6,2,24,47.9,19,2.68
11/26/2020,53,19,20.6,2.67,6.6,6.6,17,20.2,41.8,330,0.6
11/27/2020,3,18.8,20.2,10.87,0,0,0,21.4,37.8,340,2.04
11/28/2020,51,19.4,22.2,14.29,0.7,0.7,4,13.2,28.8,99,2.73
11/29/2020,51,20.9,23.2,11.22,0.9,0.9,6,15.5,30.6,79,2.29
11/30/2020,3,20.7,22.9,11.86,0,0,0,16.2,33.1,62,2.63
12/1/2020,1,19.5,20.5,21.23,0,0,0,17.9,38.9,56,4.18
12/2/2020,3,20,21.1,17.77,0,0,0,16.4,35.3,41,3.49
12/3/2020,63,18.6,20.2,6.06,30.1,30.1,16,18.6,37.8,27,1.37
12/4/2020,61,19.9,21.9,5.89,7,7,19,20.1,43.2,42,1.21
12/5/2020,63,20.7,22.7,11.92,5.2,5.2,8,19.1,40.7,44,2.19
12/6/2020,51,20.9,22.5,11.25,0.5,0.5,4,22.3,44.6,54,2.39
12/7/2020,53,21.2,23.2,11.05,1.8,1.8,6,22.8,43.6,76,2.32
12/8/2020,63,20.8,23.1,12.61,10.8,10.8,16,22.8,44.3,94,2.3
12/9/2020,51,20.7,23.2,11.88,1,1,5,15.5,30.6,95,2.41
12/10/2020,3,20.1,21.9,19.71,0,0,0,9.7,24.8,106,4.02
12/11/2020,2,19,21.4,20.59,0,0,0,10.6,20.9,89,4
12/12/2020,3,18.3,20.8,19.88,0,0,0,8.8,20.2,104,3.7
12/13/2020,3,18.4,21.5,20.51,0,0,0,8.9,20.2,94,3.77
12/14/2020,2,18.6,21.3,20.01,0,0,0,11.6,25.2,99,3.78
12/15/2020,3,19.4,21,19.22,0,0,0,11.9,28.8,85,3.68
12/16/2020,51,20.2,22.1,11.83,0.3,0.3,2,15.5,34.9,74,2.53
12/17/2020,51,20.7,23,8.21,0.4,0.4,3,16.1,32.4,70,1.86
12/18/2020,3,20.5,22,19.96,0,0,0,17,37.1,71,3.89
12/19/2020,3,19.9,20.9,16.21,0,0,0,20.3,41.8,78,3.25
12/20/2020,3,19.9,20.9,12.75,0,0,0,17.9,38.9,74,2.87
12/21/2020,3,18.2,19.2,20.15,0,0,0,15.3,33.5,73,3.76
12/22/2020,3,18,19.4,20.64,0,0,0,10.5,26.6,87,3.85
12/23/2020,3,19.2,21.5,17.77,0,0,0,11,23,92,3.37
12/24/2020,3,19.9,22.3,17.63,0,0,0,11.7,22.3,89,3.48
12/25/2020,3,19.4,21.2,20.02,0,0,0,12,22.7,83,3.93
12/26/2020,3,18.5,20.2,21.22,0,0,0,10.8,24.8,75,4.08
12/27/2020,3,19.6,20.7,21.17,0,0,0,10.3,25.6,68,4.27
12/28/2020,3,19.1,20.2,20.8,0,0,0,10.8,26.6,68,4.16
12/29/2020,3,19.9,21.9,17.03,0,0,0,12.6,25.2,92,3.52
12/30/2020,3,21.4,23.4,16.1,0,0,0,16.6,35.3,93,3.59
12/31/2020,3,20.2,21.9,8.79,0,0,0,20.1,38.9,75,2.04
1/1/2021,3,19.4,20.4,20.37,0,0,0,16.9,37.8,82,3.93
1/2/2021,51,19.1,20.6,15.52,0.5,0.5,2,17.7,37.4,85,3
1/3/2021,51,20.4,22.2,11.16,0.2,0.2,2,18.5,37.8,103,2.33
1/4/2021,3,20.7,22.4,9.92,0,0,0,18,39.2,100,2.16
1/5/2021,51,20.1,22.8,8.29,0.6,0.6,3,15.3,33.1,100,2
1/6/2021,61,20.4,23.3,6.86,9,9,16,13.9,33.1,102,1.47
1/7/2021,63,20.8,23.3,9.11,27.4,27.4,12,18.1,36.4,104,1.85
1/8/2021,51,21.3,24.5,12.7,1.4,1.4,6,12.7,29.2,112,2.58
1/9/2021,3,21.6,23.8,12.99,0,0,0,13.9,29.9,102,2.66
1/10/2021,3,21,23.7,13.22,0,0,0,13.8,30.2,93,2.73
1/11/2021,51,20.8,23,10.77,0.8,0.8,4,14.9,32.4,68,2.33
1/12/2021,3,19.8,20.7,9.82,0,0,0,17.1,34.9,58,2.5
1/13/2021,2,20.4,21.6,18.77,0,0,0,18.8,40.3,73,3.97
1/14/2021,3,19.9,21.4,15.76,0,0,0,17.5,37.4,87,3.13
1/15/2021,3,20.7,22.5,17.94,0,0,0,13,31.7,108,3.73
1/16/2021,3,21,23.4,16.03,0,0,0,10.4,23.8,116,3.31
1/17/2021,3,20.1,22.6,20.56,0,0,0,12.8,24.5,102,4.24
1/18/2021,1,18.7,20.7,22.22,0,0,0,11.5,28.4,91,4.38
1/19/2021,3,18.9,22,21.6,0,0,0,8.7,22.7,79,4.11
1/20/2021,1,20,23.1,22.24,0,0,0,8.8,20.9,79,4.29
1/21/2021,3,21,24.7,20.3,0,0,0,8.4,18,100,3.96
1/22/2021,51,22.1,24.9,15.42,1,1,6,10.5,24.8,97,3.38
1/23/2021,3,21.3,23.3,22.11,0,0,0,12,27.4,88,4.63
1/24/2021,3,19.9,21.8,22.87,0,0,0,10.5,25.9,82,4.67
1/25/2021,2,19.4,21.2,22.99,0,0,0,10,25.6,103,4.56
1/26/2021,2,19.5,20.6,23.62,0,0,0,11.6,29.9,83,5.06
1/27/2021,3,19.6,20.7,23.14,0,0,0,12.7,29.2,92,4.97
1/28/2021,3,19.6,20.7,23.03,0,0,0,13.2,30.2,95,4.66
1/29/2021,3,20.4,21.9,22.58,0,0,0,14.1,28.1,101,4.65
1/30/2021,3,21.6,23.1,20.87,0,0,0,13.4,31.7,91,4.52
1/31/2021,2,21.4,22.3,22.49,0,0,0,14.6,31.7,99,4.91
2/1/2021,0,21,21.6,23.35,0,0,0,14.4,34.6,79,5.15
2/2/2021,2,20.7,21.6,22.79,0,0,0,15.2,35.3,89,4.9
2/3/2021,3,20.8,21.9,18.66,0,0,0,15.1,33.1,98,4.12
2/4/2021,1,20.4,20.9,23.43,0,0,0,13,29.2,93,5.06
2/5/2021,1,20.5,21.3,23.56,0,0,0,13.8,24.5,71,4.96
2/6/2021,3,20.6,20.7,23.69,0,0,0,14.2,28.8,79,5.32
2/7/2021,0,20.5,19.5,24.55,0,0,0,17.4,37.8,74,5.77
2/8/2021,1,20.2,19.9,24.38,0,0,0,18.7,39.6,80,5.51
2/9/2021,2,19.6,20.4,24.32,0,0,0,14.8,34.9,90,5
2/10/2021,2,19.7,19.6,25.15,0,0,0,11.2,28.8,88,5.36
2/11/2021,3,20,20.2,24.64,0,0,0,14.1,30.2,86,5.44
2/12/2021,1,19.9,19.9,25.25,0,0,0,13.8,25.2,85,5.57
2/13/2021,2,20,20.2,25.05,0,0,0,12.8,24.5,89,5.34
2/14/2021,0,20.9,21.6,24.7,0,0,0,14,22.7,73,5.15
2/15/2021,1,22,23.8,24.2,0,0,0,14.9,27,84,5.11
2/16/2021,1,22.5,23.7,23.11,0,0,0,15,29.9,109,5.03
2/17/2021,1,22.5,23.5,21.86,0,0,0,17.5,32.8,104,5.07
2/18/2021,3,21.6,22.5,22.14,0,0,0,15.5,30.2,114,4.86
2/19/2021,51,21.5,22.2,21.48,0.6,0.6,3,13.9,27.7,84,4.5
2/20/2021,53,19.8,21.6,16.22,5,5,13,17.8,35.3,75,3.28
2/21/2021,53,19.8,22.1,14.7,1.4,1.4,4,14.2,36,94,3.02
2/22/2021,51,21,23.5,16.74,0.1,0.1,1,12.9,31.3,92,3.53
2/23/2021,2,22.3,24.1,22.48,0,0,0,11.9,29.9,92,5.03
2/24/2021,2,22.6,24,23.87,0,0,0,11.9,25.9,95,5.38
2/25/2021,0,23.4,24.5,24.6,0,0,0,9.4,24.5,57,5.56
2/26/2021,0,23.9,24.7,24.87,0,0,0,9.9,26.3,65,5.74
2/27/2021,0,24.7,25.3,24.97,0,0,0,11.3,22.7,90,5.84
2/28/2021,0,24.6,24.4,25.64,0,0,0,15.6,33.8,104,6.59
3/1/2021,0,23.9,23.3,26.02,0,0,0,14,30.6,102,6.5
3/2/2021,1,24,23.5,23.34,0,0,0,17.9,39.6,103,6.24
3/3/2021,0,23.8,22.8,26.05,0,0,0,19.8,43.6,97,7.07
3/4/2021,0,22.7,21.9,26.67,0,0,0,18.8,41.8,96,6.85
3/5/2021,0,22.6,22.8,26.75,0,0,0,12.1,25.9,104,6.06
3/6/2021,0,24.2,24.8,26.39,0,0,0,12.7,28.1,77,6.24
3/7/2021,0,24.6,25,26.56,0,0,0,14.9,27.7,98,6.54
3/8/2021,0,24,24.5,26.74,0,0,0,15.9,30.2,109,6.56
3/9/2021,0,23.8,24.6,26.89,0,0,0,16.7,28.8,115,6.22
3/10/2021,2,24.2,26,25.95,0,0,0,16.1,31.3,112,5.83
3/11/2021,2,24.8,26.4,24.67,0,0,0,15,31.3,134,5.9
3/12/2021,1,24.2,24.3,26.73,0,0,0,15.2,28.1,119,6.72
3/13/2021,0,23.9,24.1,26.89,0,0,0,17.2,31.7,124,6.58
3/14/2021,0,24.3,24.3,27.03,0,0,0,15.7,34.9,112,6.82
3/15/2021,0,24.8,24.7,26.9,0,0,0,14.2,28.4,115,6.63
3/16/2021,0,25.3,25.5,26.46,0,0,0,15.3,31.3,103,6.54
3/17/2021,1,25.2,25.2,26.82,0,0,0,16.5,31,113,6.66
3/18/2021,1,25.1,25.2,26.26,0,0,0,15.2,35.6,103,6.67
3/19/2021,1,24.6,24.4,26.41,0,0,0,15.2,27,104,6.65
3/20/2021,0,24.6,25.2,26.97,0,0,0,14.5,28.1,143,6.26
3/21/2021,0,25.3,25.3,26.52,0,0,0,15.3,28.1,121,6.58
3/22/2021,0,25.6,25.1,26.78,0,0,0,15.3,31.7,107,7.01
3/23/2021,0,25.7,26.5,26.78,0,0,0,14.7,29.2,121,6.86
3/24/2021,1,26.1,26.9,26.52,0,0,0,14.5,34.2,109,6.82
3/25/2021,2,26.4,27.1,24.27,0,0,0,17.3,37.4,99,6.71
3/26/2021,1,26.7,26.6,26.25,0,0,0,15.9,35.3,98,7.16
3/27/2021,1,26.7,27.4,27.02,0,0,0,15.1,34.2,111,6.97
3/28/2021,1,26.4,27.4,22.44,0,0,0,12,28.4,122,5.71
3/29/2021,1,27.1,27.9,24.61,0,0,0,11.4,26.6,112,6.17
3/30/2021,3,27.1,28.8,23.55,0,0,0,13.7,29.9,299,5.6
3/31/2021,2,28.6,29.6,26.32,0,0,0,12.1,30.6,332,6.4
4/1/2021,1,27.5,28.4,27.44,0,0,0,15.6,36.4,302,6.87
4/2/2021,0,27.1,28.4,27.47,0,0,0,14.8,28.8,289,6.38
4/3/2021,1,26.8,29,23.26,0,0,0,13.4,27.7,253,5.42
4/4/2021,2,27.2,28.8,23.19,0,0,0,12.1,28.8,339,5.89
4/5/2021,1,27.8,28.2,22.65,0,0,0,14.5,32.8,77,5.94
4/6/2021,1,26.8,28.3,26.67,0,0,0,15.3,32,110,6.79
4/7/2021,1,26.7,27.2,27.56,0,0,0,15.2,34.2,111,7.23
4/8/2021,1,26.5,27.1,26.67,0,0,0,10.8,21.6,149,6.58
4/9/2021,2,26.5,27,24.26,0,0,0,13.6,28.4,131,6.46
4/10/2021,0,26.1,27.1,27.26,0,0,0,12.8,28.8,117,6.74
4/11/2021,1,25.8,27.9,25.26,0,0,0,15,32,122,6.11
4/12/2021,1,26.1,28.4,22.73,0,0,0,17,34.6,117,5.75
4/13/2021,2,26.3,28.6,24.48,0,0,0,14.5,29.5,131,5.87
4/14/2021,63,24.9,28.2,18.53,7.4,7.4,6,11.6,25.2,169,4.07
4/15/2021,63,23.4,26.9,19.52,13.4,13.4,11,8.7,22.7,241,4.02
4/16/2021,3,24.7,27.9,21.74,0,0,0,12.9,27.7,312,4.89
4/17/2021,1,26,29.2,22.17,0,0,0,14.4,26.6,203,4.96
4/18/2021,51,25.9,29.1,21.39,0.1,0.1,1,9.9,28.1,195,4.85
4/19/2021,2,26.1,29.5,22.19,0,0,0,10.4,26.3,285,4.98
4/20/2021,61,25.3,28.5,20.63,4.2,4.2,6,10.2,26.6,283,4.4
4/21/2021,61,25,28.9,21.53,4.7,4.7,7,8.1,22,289,4.52
4/22/2021,63,25.1,28.6,21.4,9.8,9.8,7,7.1,23.8,317,4.41
4/23/2021,65,24.2,28,23.13,18.9,18.9,11,8.6,21.6,293,4.68
4/24/2021,63,23.7,28.1,21.36,20.8,20.8,9,7.6,23.4,205,4.38
4/25/2021,2,25.2,29.1,23.49,0,0,0,7.4,24.1,136,5
4/26/2021,1,25.6,29.6,26.04,0,0,0,8.7,20.5,127,5.64
4/27/2021,1,25.4,28.7,24.38,0,0,0,9.5,22.7,84,5.35
4/28/2021,1,25.6,29.3,25.06,0,0,0,7.7,20.2,358,5.42
4/29/2021,53,25.3,29.2,24.42,2.2,2.2,5,11.8,29.2,338,5.31
4/30/2021,51,25.2,28.2,23.73,0.1,0.1,1,8.7,28.4,86,5.23
5/1/2021,1,25.8,28.3,24.21,0,0,0,13.8,27,120,5.53
5/2/2021,1,25.8,28.8,23.37,0,0,0,13,25.6,124,5.16
5/3/2021,51,25.4,29.6,21.62,0.6,0.6,3,11.1,24.1,131,4.79
5/4/2021,51,25.3,29.6,21.06,0.6,0.6,6,6,23.4,172,4.42
5/5/2021,1,26.6,30,24.66,0,0,0,12.5,27,125,5.54
5/6/2021,1,26.7,29.6,24.97,0,0,0,11.7,31.3,142,5.66
5/7/2021,51,26.1,29.7,21.75,0.2,0.2,1,13.8,24.1,134,5.1
5/8/2021,2,26.6,29.5,23.43,0,0,0,14.4,27.7,127,5.55
5/9/2021,51,26.6,30.6,24.26,0.1,0.1,1,11.6,27.7,137,5.45
5/10/2021,53,26.3,30.8,21.39,1.7,1.7,5,8.2,20.9,168,4.71
5/11/2021,53,26.2,30.9,22.23,1.7,1.7,5,10.6,23,283,4.73
5/12/2021,55,26.1,30,20.89,3,3,5,8,21.6,327,4.36
5/13/2021,61,25.8,29.4,22.36,2.9,2.9,4,8,23.8,262,4.72
5/14/2021,51,25.9,28.8,22.28,0.3,0.3,1,17.7,40,165,5.47
5/15/2021,61,22.5,25.4,7.66,10.5,10.5,14,22.5,38.9,161,2.07
5/16/2021,61,22,25.7,6.43,7.2,7.2,12,16.9,45,184,1.75
5/17/2021,55,24,27.7,21.79,1.6,1.6,3,14.9,35.6,221,4.65
5/18/2021,63,24.3,28.1,23.46,3.6,3.6,3,15.8,39.6,227,5.02
5/19/2021,63,24.5,28.7,22.85,4.5,4.5,3,14.5,34.9,232,4.81
5/20/2021,63,23.5,27.3,18.36,8.6,8.6,5,17,36.4,256,3.99
5/21/2021,63,22.5,26,12.21,11.8,11.8,18,15.8,33.5,250,2.71
5/22/2021,53,23.1,27.3,15.67,1.9,1.9,6,13,32.8,270,3.48
5/23/2021,3,24.7,27.9,22.29,0,0,0,16.3,34.6,274,5.02
5/24/2021,3,24.9,27.4,21.43,0,0,0,21.3,43.9,290,5.16
5/25/2021,63,23.9,27,18.56,5.9,5.9,3,18.8,40.7,268,4.09
5/26/2021,51,24,26.4,20.26,0.2,0.2,1,21.3,41,265,4.59
5/27/2021,3,24.5,26.1,24.25,0,0,0,22.6,47.2,279,5.54
5/28/2021,2,24.3,27.1,25.77,0,0,0,20.5,39.2,280,5.7
5/29/2021,2,24.4,27.3,20.44,0,0,0,15.9,33.1,261,4.88
5/30/2021,51,24.2,27.2,19.96,0.9,0.9,4,17,36,273,4.69
5/31/2021,51,24.8,28.1,25.05,1.2,1.2,5,15.8,35.6,258,5.59
6/1/2021,53,25,28.4,22.96,1.8,1.8,5,15.3,32.4,258,5.11
6/2/2021,61,25.3,29.5,20.49,4.5,4.5,6,10.5,25.2,267,4.31
6/3/2021,61,24.5,29.1,18.26,9.3,9.3,10,7.2,22.7,277,3.79
6/4/2021,63,23.9,28.1,18.67,13.5,13.5,11,9.1,23.8,235,3.92
6/5/2021,63,23.1,27,17.32,12.5,12.5,16,14.8,36.4,231,3.68
6/6/2021,53,23.4,27.3,19.71,0.5,0.5,1,13.9,31.7,256,4.25
6/7/2021,3,24.4,27.9,23.08,0,0,0,15,32.8,281,5.08
6/8/2021,1,24.4,27.3,24.97,0,0,0,13.9,31.7,280,5.64
6/9/2021,53,23.5,25.7,19.27,1,1,3,20.6,44.6,270,4.51
6/10/2021,3,23.6,25.2,13.45,0,0,0,21.9,44.6,271,3.73
6/11/2021,3,23.4,24.8,13.93,0,0,0,26,51.5,265,3.99
6/12/2021,61,22.4,24.2,11.43,8.9,8.9,13,26.8,60.5,260,3.12
6/13/2021,53,21.8,24.2,10.97,3.7,3.7,11,25.6,60.5,262,2.84
6/14/2021,55,21.7,23.5,12.3,4,4,14,30.1,64.8,256,3
6/15/2021,55,22.2,24,11.36,4.8,4.8,11,30.7,60.5,254,3.2
6/16/2021,51,22.7,23.9,17.02,0.9,0.9,6,32.3,67.7,254,3.94
6/17/2021,3,23,24.1,16.54,0,0,0,30.2,60.5,258,4.09
6/18/2021,3,23.1,24.1,17.41,0,0,0,30.1,59.8,252,4.27
6/19/2021,53,22.6,23.9,12.16,0.5,0.5,1,29,53.6,258,3.25
6/20/2021,51,23.1,25.3,17.29,0.4,0.4,2,24.8,51.1,267,4.31
6/21/2021,53,23.4,26.3,19.5,2.2,2.2,3,20.9,43.6,272,4.41
6/22/2021,3,23.8,26.1,21.18,0,0,0,17.6,41.4,288,4.56
6/23/2021,2,24.5,27,21.09,0,0,0,13.3,30.2,282,4.6
6/24/2021,3,24,25.4,19.02,0,0,0,18.7,43.6,275,4.32
6/25/2021,3,24,25.2,20.16,0,0,0,22.5,46.1,279,4.97
6/26/2021,53,22.7,24.1,13.02,2,2,7,22.2,45,274,3.1
6/27/2021,53,21.5,24,8.97,5.3,5.3,13,22,43.2,299,2.29
6/28/2021,3,23.6,26.4,15.61,0,0,0,9.4,27.4,267,3.48
6/29/2021,3,24.9,28.3,25.02,0,0,0,8.5,23.8,245,5.35
6/30/2021,3,26,29.8,22.6,0,0,0,9.5,27,265,5.19
7/1/2021,61,24.7,28.2,20.56,6.7,6.7,7,12.7,28.1,261,4.47
7/2/2021,55,23.8,27.4,17.22,4.2,4.2,9,15.7,36.7,268,3.93
7/3/2021,61,23.8,27.6,19.08,2.9,2.9,4,14,31.7,271,4.25
7/4/2021,63,23.8,27.4,20.38,9.4,9.4,8,13.6,32.4,291,4.28
7/5/2021,53,23.6,27,20.54,5,5,10,14.8,34.2,295,4.28
7/6/2021,61,24.2,28.5,21.48,6.1,6.1,6,9.4,23.8,275,4.41
7/7/2021,61,23.8,28.1,18.19,3,3,4,11.5,27.4,265,3.89
7/8/2021,51,23.5,27.2,14.34,0.9,0.9,4,15,29.9,280,3.26
7/9/2021,61,22.7,26.2,15.07,7.7,7.7,16,15.9,35.3,266,3.26
7/10/2021,61,21.1,23.8,7.76,12.6,12.6,21,23.4,51.1,253,1.83
7/11/2021,55,22,23.2,14.58,3.1,3.1,10,28.9,59,266,3.6
7/12/2021,53,21.8,23.9,10.62,3.7,3.7,14,26.7,66.6,262,2.94
7/13/2021,55,21.1,23.5,6.49,12.1,12.1,23,21.3,52.9,264,1.78
7/14/2021,61,20.9,22.9,9.15,15.2,15.2,19,24.1,48.2,265,1.85
7/15/2021,61,20.8,22.3,10.43,20.4,20.4,24,26.4,53.6,259,1.88
7/16/2021,61,20.6,24.7,4.85,25.8,25.8,20,17.1,37.1,248,1.28
7/17/2021,61,22,24.8,12.2,4.3,4.3,13,20.1,42.1,268,2.61
7/18/2021,55,21.1,22.8,10.74,9.3,9.3,23,22.9,46.8,262,2.02
7/19/2021,53,22.3,24,15.96,4,4,13,26.3,57.2,270,3.59
7/20/2021,53,22.7,24.4,19.36,0.8,0.8,4,26.7,64.4,272,4.23
7/21/2021,61,21.5,23,11.09,5.9,5.9,13,28.2,68.4,271,2.44
7/22/2021,61,20.3,21.9,5.91,11.7,11.7,22,33.5,62.6,263,1.61
7/23/2021,61,21.5,23.6,13.81,8.3,8.3,15,23.1,63.4,268,3.03
7/24/2021,61,22.1,25,15.65,6,6,13,24.3,53.3,267,3.25
7/25/2021,51,23.3,25.3,18.01,0.7,0.7,5,24.1,49,265,3.97
7/26/2021,3,22.9,25.4,13.98,0,0,0,25.3,49.7,265,3.56
7/27/2021,3,22.7,24.7,15.06,0,0,0,24.1,48.6,261,3.67
7/28/2021,51,22.6,24.8,17.25,0.2,0.2,1,23.8,47.5,262,4.06
7/29/2021,51,22.2,23.8,15.15,0.1,0.1,1,27,53.3,265,3.59
7/30/2021,3,22.6,24.2,16.33,0,0,0,26.6,51.5,271,3.88
7/31/2021,61,22.4,24.2,15.85,3.9,3.9,7,25.7,54.4,278,3.84
8/1/2021,51,22.8,23.8,17.76,0.2,0.2,2,27.3,53.3,277,3.93
8/2/2021,3,22.6,24,18.39,0,0,0,24.9,50,264,4.15
8/3/2021,51,22.5,23.9,15.22,0.2,0.2,2,25.3,47.2,270,3.52
8/4/2021,51,22.4,24.3,14.1,1.9,1.9,9,23,52.2,273,3.24
8/5/2021,61,22.4,24.3,15.06,3.9,3.9,9,24.9,55.8,269,3.22
8/6/2021,53,22.6,24.8,17.42,3.1,3.1,10,23.9,48.2,274,3.62
8/7/2021,53,22.9,25.6,18.82,3.2,3.2,11,21,42.1,272,3.74
8/8/2021,51,23.2,26.9,17.37,0.7,0.7,5,15.1,32.4,270,3.7
8/9/2021,53,23.6,27.6,20.97,1,1,2,12.3,24.5,271,4.32
8/10/2021,51,23.3,25.9,17.76,0.6,0.6,3,15.7,37.1,280,3.57
8/11/2021,61,22.8,25.9,15.29,2.8,2.8,4,18.2,38.5,291,3.36
8/12/2021,61,21.8,24.3,10.14,6.6,6.6,10,20.3,41.4,284,2.33
8/13/2021,63,21.5,24.2,13.89,14.7,14.7,13,19.3,43.9,289,2.73
8/14/2021,55,22,24.3,15.8,2.4,2.4,6,19.9,43.2,279,3.39
8/15/2021,51,21.9,24.1,10.34,0.4,0.4,3,20.2,41,277,2.6
8/16/2021,53,21.7,24.6,13.05,4.6,4.6,11,17.6,39.6,274,2.79
8/17/2021,53,21.3,24.4,10.14,4.8,4.8,15,15.2,34.2,258,2.17
8/18/2021,51,22.2,25,17.5,2.2,2.2,9,18,36.4,259,3.74
8/19/2021,61,21.8,24.4,13.93,4.6,4.6,11,20.9,42.1,268,3.08
8/20/2021,3,22.4,25.5,13.29,0,0,0,13.8,31.3,274,2.93
8/21/2021,61,22.3,25.8,17.01,6.5,6.5,8,8.7,25.2,269,3.35
8/22/2021,63,22,25.8,16.19,19.1,19.1,11,6.1,19.1,273,3.22
8/23/2021,63,22.2,26.2,18.66,12.5,12.5,13,7.7,21.6,271,3.69
8/24/2021,55,22.5,27.2,21.23,4.4,4.4,10,9.9,24.5,265,4.23
8/25/2021,3,22.4,26.2,13,0,0,0,12.2,26.3,267,2.81
8/26/2021,63,22.8,26.4,19.66,8.6,8.6,6,12.9,28.8,258,3.89
8/27/2021,61,22.4,25.7,15.78,6.5,6.5,7,15.4,31.7,259,3.09
8/28/2021,61,21.5,24.2,10.7,10.3,10.3,23,18.6,36.7,258,2.21
8/29/2021,63,20.8,23.5,9.94,16.1,16.1,17,18.9,40.7,260,2.24
8/30/2021,63,21.6,23.8,15.46,4.8,4.8,11,23.1,51.5,266,3.19
8/31/2021,3,22.5,25.3,16.33,0,0,0,15.9,32.8,273,3.53
9/1/2021,51,23,26.2,17.27,0.3,0.3,2,12.3,27,272,3.61
9/2/2021,63,22,25.3,14.65,15.9,15.9,11,15.4,34.6,281,2.96
9/3/2021,55,20.8,24.8,8.24,12.7,12.7,24,11.7,29.9,269,1.86
9/4/2021,61,21,24.5,10.32,10.7,10.7,18,18.4,40.7,266,2.27
9/5/2021,63,21.3,24.2,11.41,17.4,17.4,17,19.8,46.8,263,2.39
9/6/2021,53,21.1,23.6,9.96,4.6,4.6,14,23.8,47.2,265,2.43
9/7/2021,55,21.5,23.1,16.15,5.5,5.5,14,24.9,54.7,255,3.24
9/8/2021,51,22.3,24,15.24,0.5,0.5,3,25.1,48.6,249,3.48
9/9/2021,51,22.5,25.3,16.2,0.1,0.1,1,22.4,43.2,263,3.63
9/10/2021,3,22.7,25.3,15.81,0,0,0,22.4,44.3,272,3.63
9/11/2021,51,22.3,25,15.75,0.6,0.6,3,21.4,46.1,257,3.51
9/12/2021,63,22.5,25.1,17.73,7,7,10,25.1,56.2,252,3.82
9/13/2021,51,22.5,24.3,13.11,0.4,0.4,4,27.4,53.6,253,3.22
9/14/2021,51,23.1,25.6,14.59,0.2,0.2,2,22.5,45.4,256,3.42
9/15/2021,51,22.8,25.9,17.65,0.3,0.3,3,17.4,37.8,249,3.77
9/16/2021,3,22.6,26.2,17.67,0,0,0,17,34.6,265,3.72
9/17/2021,2,23.2,27,23.93,0,0,0,13.6,29.9,286,4.83
9/18/2021,2,23.1,27.2,21.72,0,0,0,10.2,22.7,299,4.48
9/19/2021,51,23.4,28.5,21.34,0.4,0.4,3,7.9,19.1,327,4.38
9/20/2021,51,23.4,26.9,22.13,0.3,0.3,3,9.7,23.8,282,4.36
9/21/2021,51,23.2,26,21.19,0.1,0.1,1,15.4,34.2,284,4.24
9/22/2021,51,23,25.4,14.25,0.2,0.2,2,17.9,38.2,287,3.01
9/23/2021,55,22.7,25.4,16.05,2.1,2.1,8,16.9,36,285,3.25
9/24/2021,51,23.1,26.2,16.67,0.1,0.1,1,14.8,30.6,293,3.41
9/25/2021,51,23.1,26.4,17.33,0.4,0.4,3,14.8,31.7,285,3.53
9/26/2021,3,22.6,25.1,14.39,0,0,0,15.8,36.7,287,2.97
9/27/2021,53,21.6,24,12.68,2.3,2.3,10,19.1,42.8,270,2.74
9/28/2021,3,22.3,23.9,15.54,0,0,0,23.7,47.5,251,3.46
9/29/2021,51,22.5,25.2,16.65,0.7,0.7,3,18.9,38.5,258,3.52
9/30/2021,51,22.6,26.3,16.69,0.4,0.4,2,8.6,20.5,279,3.35
10/1/2021,63,22.8,27.2,16.52,8,8,7,12.1,29.9,16,3.36
10/2/2021,53,22.5,27,17.83,4.2,4.2,11,11.4,29.5,52,3.61
10/3/2021,55,22.8,27.5,15.62,3.4,3.4,8,11.1,28.1,98,3.24
10/4/2021,51,23.2,28,20.11,1.9,1.9,10,13.5,30.6,62,4.18
10/5/2021,61,22.3,26.2,14.48,7,7,9,11.1,26.3,16,2.97
10/6/2021,63,20.5,25.1,3.29,21.9,21.9,18,10.3,26.3,272,0.85
10/7/2021,53,22.6,27.1,15.36,1,1,3,10.4,27.4,231,3.2
10/8/2021,61,22.9,26.7,17.31,7.1,7.1,10,13.1,30.2,261,3.39
10/9/2021,63,21.4,25.3,10.43,20,20,17,12.3,29.5,263,2.06
10/10/2021,63,22.2,25.7,16.64,7.2,7.2,9,13.1,31.3,296,3.29
10/11/2021,63,21.8,26.2,14.56,15,15,14,11.3,29.2,282,2.98
10/12/2021,63,21.5,25.8,11.9,21.5,21.5,17,10.8,23.4,259,2.5
10/13/2021,63,21,25.2,7.23,35.1,35.1,24,19.2,32.8,268,1.61
10/14/2021,61,21.9,26.8,12.2,5.1,5.1,14,9.7,23,259,2.45
10/15/2021,63,22.3,27.4,14.98,13.1,13.1,13,5.8,17.3,246,3.04
10/16/2021,63,22.8,27.7,16.87,11.9,11.9,7,6.4,18,166,3.42
10/17/2021,55,22.3,25.9,10.86,2.7,2.7,9,11.2,25.9,251,2.31
10/18/2021,53,22.6,25.8,15.8,1.4,1.4,6,16.2,36,271,3.17
10/19/2021,3,22.7,26.2,20.91,0,0,0,11.6,26.6,309,4.19
10/20/2021,63,22.4,26.2,16.62,11.6,11.6,8,8.7,20.9,36,3.49
10/21/2021,61,22.5,27.5,17.65,10.6,10.6,12,6.3,22,107,3.57
10/22/2021,61,23,27.6,17.98,5.1,5.1,8,9.5,23.4,105,3.64
10/23/2021,63,22.2,26.9,16.31,11.3,11.3,9,8.3,23.4,128,3.32
10/24/2021,61,21.7,26.2,14.95,5.1,5.1,10,9.8,19.8,301,3.1
10/25/2021,51,22.2,25.8,15.81,0.6,0.6,4,12.4,27.7,57,3.29
10/26/2021,51,22,25.7,15.91,0.4,0.4,3,9.4,24.8,70,3.19
10/27/2021,3,21.6,24.9,16.23,0,0,0,14.2,29.9,57,3.4
10/28/2021,53,21.4,24.3,18.06,1,1,2,12.5,27.7,42,3.57
10/29/2021,63,21.2,24.8,13.1,10.3,10.3,9,13.1,36.4,60,2.57
10/30/2021,55,21.8,25.7,13.46,2.3,2.3,5,14.9,36.4,76,2.82
10/31/2021,51,21.6,25.2,14.91,1.7,1.7,10,13.6,29.9,67,2.97
11/1/2021,53,20.7,24.4,8.13,10.4,10.4,23,16.3,32,60,1.73
11/2/2021,51,21.4,24.1,12.36,0.5,0.5,3,17.6,44.3,95,2.52
11/3/2021,53,20.5,24.7,5.91,6.6,6.6,13,16.9,32.8,94,1.44
11/4/2021,53,21.4,25.8,12.12,6.2,6.2,15,10.2,24.8,76,2.49
11/5/2021,63,21.4,25.3,10.56,14.3,14.3,11,10.1,19.1,47,2.19
11/6/2021,53,21.7,25.3,17.47,2,2,7,10.2,25.2,26,3.63
11/7/2021,63,19.5,23.2,7.07,19.6,19.6,15,12,26.6,28,1.55
11/8/2021,63,19.8,23,6.47,12.9,12.9,16,11.7,28.4,31,1.4
11/9/2021,53,19.3,22,8.2,1.6,1.6,6,12.2,25.9,43,1.86
11/10/2021,55,19.2,21.9,9.64,7.4,7.4,12,11.5,24.5,3,2.01
11/11/2021,63,17.7,19,3.33,32.9,32.9,23,21.4,40.3,340,0.81
11/12/2021,61,19,21.3,3.79,5.6,5.6,8,18,40.3,333,0.81
11/13/2021,61,20.6,24.6,4.57,12,12,16,8,18,234,1.02
11/14/2021,63,21.4,26,10.81,8.9,8.9,12,12.2,28.1,200,2.2
11/15/2021,63,21.1,25.9,9.46,23.6,23.6,13,6.6,16.6,80,1.99
11/16/2021,61,20.8,25.3,6.93,15,15,17,12,26.6,117,1.51
11/17/2021,63,21.3,25.2,11.39,12.7,12.7,12,9.9,25.9,104,2.32
11/18/2021,65,19.7,22.5,3.68,57.5,57.5,17,15.2,33.8,345,0.82
11/19/2021,65,19.9,22.8,3.1,52.9,52.9,23,19.8,36,318,0.7
11/20/2021,55,20.8,23.9,6.1,4.6,4.6,15,14.8,32,218,1.39
11/21/2021,53,21.7,25.5,13.82,0.9,0.9,2,8.8,20.2,217,2.79
11/22/2021,61,21.1,25.8,12.47,5.9,5.9,12,9.8,25.9,44,2.47
11/23/2021,51,22.2,26.5,17.19,0.4,0.4,4,11.4,29.2,74,3.52
11/24/2021,51,21.6,25.3,16.66,1.2,1.2,6,16.1,33.5,75,3.25
11/25/2021,3,21.8,24.4,14.57,0,0,0,22.3,45,54,3.34
11/26/2021,3,21.1,23.1,9.91,0,0,0,17.9,35.6,49,2.36
11/27/2021,53,19.8,21.9,8.68,5.8,5.8,13,18.7,38.9,45,2
11/28/2021,63,19.6,22.4,3.85,20.9,20.9,17,15.5,28.4,51,0.86
11/29/2021,55,20.5,22.6,10.95,3.6,3.6,9,21.3,44.3,100,2.13
11/30/2021,51,21.3,23.7,14.57,1,1,6,21.9,45,104,3.04
12/1/2021,51,21.3,23.8,13.09,1.1,1.1,5,17.9,39.2,109,2.65
12/2/2021,61,21.6,25.4,12.66,4.4,4.4,8,10.2,20.9,112,2.51
12/3/2021,55,21.3,26.3,14.13,2.1,2.1,5,8.8,19.8,89,2.85
12/4/2021,51,21.4,26.1,14.16,1,1,7,5.1,17.6,349,2.82
12/5/2021,51,21.8,25.7,16.55,1.3,1.3,6,6.9,19.4,346,3.22
12/6/2021,51,21.5,25.1,15.37,0.3,0.3,2,7.7,23.8,37,3.06
12/7/2021,3,21.6,24.1,17.33,0,0,0,10.6,27,58,3.57
12/8/2021,3,21,23.8,18.95,0,0,0,12.2,28.4,76,3.8
12/9/2021,51,21.4,24.3,14.3,0.4,0.4,2,13,29.2,83,2.96
12/10/2021,51,21,23.2,20.17,0.1,0.1,1,15.5,35.3,88,4.04
12/11/2021,51,20.9,23.4,11.93,0.5,0.5,4,16.2,34.9,76,2.6
12/12/2021,3,20.4,22.8,13.61,0,0,0,18.3,40.7,74,2.95
12/13/2021,51,20,22.4,11.77,1.2,1.2,6,15.9,34.9,70,2.44
12/14/2021,51,20.3,22.1,10.81,0.3,0.3,2,17.7,38.2,77,2.34
12/15/2021,3,20.5,22.5,17.2,0,0,0,13.6,31.7,71,3.4
12/16/2021,3,20.2,22.5,20.16,0,0,0,12.2,28.1,58,3.99
12/17/2021,3,19.6,21.9,20.32,0,0,0,9.8,24.8,57,4.02
12/18/2021,2,18.9,21.3,20.71,0,0,0,10.7,26.6,49,4.03
12/19/2021,0,17.9,19.5,21.39,0,0,0,12.8,29.5,71,4.11
12/20/2021,3,17.9,19.5,21.32,0,0,0,12,28.1,79,3.99
12/21/2021,3,18.3,20.5,20.62,0,0,0,8.6,19.1,81,3.8
12/22/2021,0,18.7,20.7,21.06,0,0,0,7.9,19.1,82,3.98
12/23/2021,0,19.4,21.1,20.9,0,0,0,8.6,19.1,81,4.12
12/24/2021,0,19.2,20.5,21.29,0,0,0,8,21.6,98,4.29
12/25/2021,0,19.6,20.8,21.38,0,0,0,9,20.9,83,4.38
12/26/2021,0,19.8,21.7,21.25,0,0,0,9.4,24.1,93,4.45
12/27/2021,3,19.3,21.2,20.75,0,0,0,11.7,29.5,115,4.19
12/28/2021,3,19.4,21.1,20.19,0,0,0,14.2,31.7,112,4.06
12/29/2021,3,20.2,21.6,18.72,0,0,0,14.7,29.2,115,3.87
12/30/2021,51,19.8,21.2,18.27,0.1,0.1,1,16,36.4,92,3.88
12/31/2021,51,20.6,21.3,12.45,1,1,6,24.3,47.2,81,2.78
1/1/2022,51,20.6,23,14.42,1,1,7,15.7,42.8,219,2.91
1/2/2022,3,20.8,22.4,16.65,0,0,0,15.9,37.4,355,3.66
1/3/2022,3,20.5,21.9,19.95,0,0,0,12.3,29.9,2,4.14
1/4/2022,3,19.9,21,21.04,0,0,0,11.6,28.8,7,4.17
1/5/2022,3,19.8,21.7,21.24,0,0,0,11.3,20.5,350,4.01
1/6/2022,3,20.4,22.3,20.69,0,0,0,11.9,22,331,4.1
1/7/2022,3,21.1,22.6,19.13,0,0,0,13.5,27.4,311,4
1/8/2022,3,21.2,23.2,15.76,0,0,0,14.5,26.6,315,3.44
1/9/2022,3,21.4,23.3,17.33,0,0,0,14.2,25.9,315,3.61
1/10/2022,3,21.4,23.5,18.78,0,0,0,11.5,23,310,4.05
1/11/2022,2,21.6,23.8,20.42,0,0,0,10.8,24.8,305,4.23
1/12/2022,2,22,24.2,19.64,0,0,0,11.4,28.1,275,4.18
1/13/2022,1,22,23.3,20.52,0,0,0,13.7,31.3,248,4.39
1/14/2022,2,21.4,22.8,19.19,0,0,0,17.4,27,321,4.22
1/15/2022,2,21.8,24,18.79,0,0,0,12.8,22.7,331,3.92
1/16/2022,3,21.6,23.5,18.15,0,0,0,16.3,31,344,4.01
1/17/2022,3,20.8,22.3,16.73,0,0,0,15.6,30.2,3,3.7
1/18/2022,2,20.6,22.1,17.71,0,0,0,12.2,29.9,5,3.73
1/19/2022,3,20.9,22.2,21.46,0,0,0,10.9,24.8,25,4.48
1/20/2022,0,21.1,21.4,22.44,0,0,0,9.9,24.8,51,4.75
1/21/2022,1,22.4,22.2,22.63,0,0,0,14.4,29.9,62,5.19
1/22/2022,1,22.4,22.3,22.54,0,0,0,10.5,26.3,151,5.01
1/23/2022,0,22.3,22.4,22.17,0,0,0,13,30.6,173,4.97
1/24/2022,0,21,20.9,22.63,0,0,0,10.8,26.3,152,4.94
1/25/2022,2,21.3,22.3,20.81,0,0,0,8.8,25.6,300,4.3
1/26/2022,51,22,23.5,17.34,0.3,0.3,3,9.8,25.9,302,3.73
1/27/2022,51,21.7,23.2,15.48,0.8,0.8,6,15.9,27.7,336,3.62
1/28/2022,51,20.9,21.6,16.05,0.2,0.2,2,19.5,42.5,0,3.84
1/29/2022,3,20.8,21.9,17.76,0,0,0,17.1,38.2,356,3.99
1/30/2022,3,22.2,24.7,17.86,0,0,0,9.4,18.4,326,3.74
1/31/2022,2,23.3,26.3,21.01,0,0,0,12.4,21.2,336,4.25
2/1/2022,3,23.2,25.4,21.78,0,0,0,13.3,25.2,346,4.61
2/2/2022,1,22.9,25.5,23.06,0,0,0,8.4,21.2,350,4.69
2/3/2022,1,22.6,24.5,22.44,0,0,0,11.2,26.3,261,4.73
2/4/2022,1,22.8,23.2,24.07,0,0,0,11.3,28.1,177,5.32
2/5/2022,2,21.9,23.4,23.23,0,0,0,9.4,26.6,316,4.82
2/6/2022,3,22.2,24.1,17.05,0,0,0,14.7,31.3,330,3.89
2/7/2022,3,22.5,24.6,17.55,0,0,0,15,29.9,348,3.83
2/8/2022,3,22.1,24.3,22.23,0,0,0,12.6,22.3,2,4.56
2/9/2022,1,21.5,22.6,23.4,0,0,0,14.2,31.3,350,5.14
2/10/2022,2,21,21.9,23.98,0,0,0,12.9,26.6,11,5.28
2/11/2022,1,21.8,21.2,24.04,0,0,0,19.3,41.8,13,6.24
2/12/2022,0,22,22.3,23.9,0,0,0,17.3,40.3,5,5.71
2/13/2022,2,21.6,23.3,23.44,0,0,0,10.9,29.5,358,4.98
2/14/2022,3,21.8,23,21.63,0,0,0,15.8,29.9,3,4.69
2/15/2022,3,22.3,23.4,21.18,0,0,0,16.4,30.6,5,4.66
2/16/2022,3,22.6,23.2,21.79,0,0,0,17.3,36,351,4.87
2/17/2022,1,22.4,22.9,23.13,0,0,0,15.7,30.6,342,5.35
2/18/2022,1,21.8,22.2,24.04,0,0,0,16,33.8,342,5.58
2/19/2022,0,22,22.6,24.86,0,0,0,13.8,31.7,350,5.6
2/20/2022,1,22.8,24,24.94,0,0,0,11.7,22.3,58,5.39
2/21/2022,0,23.6,24.5,24.89,0,0,0,8.8,21.6,73,5.49
2/22/2022,1,24.3,25.4,21.64,0,0,0,15.1,30.2,334,5.32
2/23/2022,1,23,23.6,24.96,0,0,0,15.1,36.7,345,6
2/24/2022,2,22.3,22.2,25.83,0,0,0,14.7,26.3,345,5.79
2/25/2022,0,22.4,22.7,25.93,0,0,0,14.4,28.4,3,6.29
2/26/2022,3,21.8,22.5,25.88,0,0,0,15,28.8,344,5.9
2/27/2022,3,22.6,23.7,25.45,0,0,0,14.9,28.8,350,5.59
2/28/2022,0,22.8,23.3,25.84,0,0,0,14.5,27.4,343,5.98
3/1/2022,2,23.4,23.6,25.39,0,0,0,18.3,32.4,345,6.52
3/2/2022,1,22.9,21.1,25.44,0,0,0,16.9,38.5,352,7.05
3/3/2022,1,22.7,21.2,25.29,0,0,0,21.7,45.7,6,6.87
3/4/2022,1,23,22,26.14,0,0,0,20.1,43.6,32,6.84
3/5/2022,1,23.1,23,25.54,0,0,0,17.7,39.2,29,6.53
3/6/2022,2,23.4,23,23.99,0,0,0,20.8,44.6,17,6.43
3/7/2022,51,21.6,22.2,18.45,1.7,1.7,8,17.5,36.7,352,4.08
3/8/2022,3,23.4,24.4,25.38,0,0,0,15.9,34.2,340,5.86
3/9/2022,0,24.4,24.6,26.11,0,0,0,16.5,32.4,346,6.76
3/10/2022,0,24.8,24.6,26.09,0,0,0,15.3,33.1,347,6.77
3/11/2022,0,24.8,24,26.71,0,0,0,17.1,37.1,359,7.24
3/12/2022,1,25,24,26.7,0,0,0,16.3,36.7,0,7.35
3/13/2022,0,25.3,24.1,26.38,0,0,0,18.3,40,360,7.47
3/14/2022,0,25.5,25.5,26.33,0,0,0,14.8,35.3,8,6.8
3/15/2022,1,25.5,25.5,26.5,0,0,0,12.1,26.6,31,6.41
3/16/2022,1,25.4,25.4,26.41,0,0,0,11.9,28.8,13,6.64
3/17/2022,1,26.3,25.6,25.57,0,0,0,14.2,33.8,357,6.74
3/18/2022,1,26.4,26.4,24.66,0,0,0,10,22.7,283,5.99
3/19/2022,2,25.5,26.5,20.95,0,0,0,19.6,35.3,191,5.02
3/20/2022,2,24,25.5,7.88,0,0,0,10.8,25.6,197,2.49
3/21/2022,51,24.9,27.6,21.64,1.1,1.1,7,9.4,23,179,4.57
3/22/2022,3,24.2,27,12.88,0,0,0,7.6,23.4,222,2.95
3/23/2022,2,26.5,28.2,23.59,0,0,0,12.2,30.2,321,5.52
3/24/2022,1,26,28.2,20.06,0,0,0,10.2,27.7,321,4.83
3/25/2022,51,26,28.9,23.04,0.2,0.2,1,9.7,24.5,313,5.13
3/26/2022,51,26.5,29.2,23.9,0.1,0.1,1,9.1,27.7,304,5.4
3/27/2022,1,27,29.2,23.75,0,0,0,12.1,28.1,328,5.69
3/28/2022,0,27,28.8,23.59,0,0,0,10.9,26.6,319,5.74
3/29/2022,2,27.1,29.3,22.75,0,0,0,8.7,22,285,5.39
3/30/2022,1,27.3,29.7,20.62,0,0,0,7.4,21.2,256,4.79
3/31/2022,51,26.9,29.6,21.02,0.1,0.1,1,8.6,24.5,234,4.84
4/1/2022,1,26.6,28.7,20.71,0,0,0,9,22.3,267,4.88
4/2/2022,51,26.1,28.7,22.6,0.1,0.1,1,7.4,23,282,4.99
4/3/2022,0,26.3,28.2,26.92,0,0,0,13,30.6,334,6.46
4/4/2022,2,26.1,27.5,25.74,0,0,0,13.6,32.4,324,6.43
4/5/2022,3,25.5,27.3,24.7,0,0,0,14.9,30.6,321,6.24
4/6/2022,1,26.1,28,26.1,0,0,0,11.5,25.2,325,6.35
4/7/2022,0,26.7,27.8,26.7,0,0,0,15.8,34.2,352,6.75
4/8/2022,1,25.8,28.5,25.79,0,0,0,12.2,33.1,334,6.17
4/9/2022,3,26.7,28.9,23.93,0,0,0,13.8,26.3,325,5.88
4/10/2022,2,26.7,28.7,22.89,0,0,0,10.8,25.2,337,5.63
4/11/2022,3,26.4,28.9,24.39,0,0,0,14.3,27.7,352,6.04
4/12/2022,3,26.2,29.5,22.21,0,0,0,14.3,31,324,5.42
4/13/2022,63,24.9,28.6,18.26,10.2,10.2,9,13.8,34.6,318,4.15
4/14/2022,53,24.5,27.8,14.54,1.2,1.2,5,12.2,26.3,258,3.26
4/15/2022,61,24.7,28.1,23.13,2.9,2.9,4,7,25.9,209,4.84
4/16/2022,55,25.6,28.6,25.23,1.5,1.5,3,14.1,20.2,135,5.5
4/17/2022,63,24.3,27.9,23.59,10.9,10.9,9,11,27,154,4.97
4/18/2022,53,24.7,27.5,22.31,1.2,1.2,4,10.1,23.8,160,4.74
4/19/2022,53,25.6,28.6,23.93,1,1,3,7.3,29.9,137,5.13
4/20/2022,1,27.1,29.7,25.27,0,0,0,10.7,25.9,345,5.8
4/21/2022,1,26.8,29.5,25.07,0,0,0,12.7,29.2,320,6
4/22/2022,1,26,28.6,25.61,0,0,0,15.5,32,326,6.26
4/23/2022,3,26.2,28.3,25.42,0,0,0,11.6,27.7,320,5.82
4/24/2022,3,27.2,29.1,23.48,0,0,0,9.1,23.8,317,5.4
4/25/2022,1,27.4,29.2,24.51,0,0,0,9.1,23.4,302,5.89
4/26/2022,2,27.6,29.9,25.21,0,0,0,9.7,24.8,338,5.93
4/27/2022,0,28.1,30.1,26.28,0,0,0,11.2,27,326,6.45
4/28/2022,1,27.9,30.4,25.51,0,0,0,9.5,23,291,6
4/29/2022,2,29,30.5,26.01,0,0,0,12,30.6,75,6.54
4/30/2022,2,28.2,29.8,22.36,0,0,0,14.2,31,160,5.41
5/1/2022,2,27.8,29.1,23.76,0,0,0,16.6,31.7,168,5.61
5/2/2022,3,27.7,29.1,24.81,0,0,0,13,32,161,5.63
5/3/2022,53,27.3,29.8,24.36,0.7,0.7,2,13.7,27,165,5.57
5/4/2022,51,26.8,28.6,22.68,0.3,0.3,3,9.5,24.5,159,4.92
5/5/2022,63,25.1,27.9,20.72,10.1,10.1,7,12.5,30.2,140,4.48
5/6/2022,53,25.5,28.9,23.99,1.8,1.8,5,9.4,31.7,174,5
5/7/2022,51,26.5,28.8,24.17,1,1,5,10,27.7,165,5.27
5/8/2022,51,26.6,28.8,23.59,0.4,0.4,3,11,28.8,163,5.14
5/9/2022,55,25.6,27.7,18.21,2.3,2.3,6,13.1,31.7,176,4.02
5/10/2022,53,24,24.9,9.72,3.4,3.4,11,22,43.2,187,2.29
5/11/2022,51,22.8,22.6,6.72,2.2,2.2,12,25.2,49.3,186,1.93
5/12/2022,63,20.8,22.5,3.18,25.1,25.1,22,16.9,37.1,201,0.81
5/13/2022,63,22.7,25.6,11.37,11.2,11.2,18,18.1,38.9,182,2.47
5/14/2022,63,24.1,28.2,19.26,14.4,14.4,11,13.7,30.6,188,4.02
5/15/2022,63,23.9,28.4,18.9,9.2,9.2,8,11,29.2,184,3.92
5/16/2022,63,23.9,27.2,17.47,16.9,16.9,11,14.6,29.2,167,3.56
5/17/2022,63,23.1,27.6,10.59,19.3,19.3,17,10.2,24.8,287,2.31
5/18/2022,63,23,26.4,12.84,18.1,18.1,21,13,33.8,341,2.69
5/19/2022,51,21,21.9,10,0.7,0.7,6,24.1,47.5,219,2.07
5/20/2022,61,22.4,23.5,20.52,3.8,3.8,8,24,56.9,193,4
5/21/2022,51,22.9,24.1,18.81,0.4,0.4,4,26.3,50.4,177,4.05
5/22/2022,61,22.7,25.4,16.98,2.1,2.1,4,22.7,43.6,189,3.78
5/23/2022,3,24.3,27.6,24.74,0,0,0,21.1,39.2,167,5.3
5/24/2022,51,24.6,29.1,22.04,0.6,0.6,4,15.5,32.8,167,4.84
5/25/2022,51,24.5,29.1,22.23,0.9,0.9,6,13.8,28.1,149,4.6
5/26/2022,51,24.3,28.6,23.22,0.6,0.6,3,13.1,25.6,191,4.89
5/27/2022,53,23.9,27.5,24.75,0.6,0.6,1,15.3,33.8,176,5.28
5/28/2022,51,24.1,27.7,25.49,0.1,0.1,1,15,34.2,179,5.53
5/29/2022,51,24.3,27.7,24.39,0.2,0.2,1,14.8,31.7,179,5.1
5/30/2022,51,24.1,28.1,23.14,0.3,0.3,2,17.1,30.6,240,4.92
5/31/2022,61,24.2,27.9,23.75,9.4,9.4,9,16.2,29.5,158,4.95
6/1/2022,63,23.4,28.1,19.76,6,6,3,7.1,36.4,28,4.1
6/2/2022,51,24.2,27.8,21.06,0.5,0.5,2,16.8,33.8,169,4.5
6/3/2022,61,24.2,28.1,25,5.9,5.9,5,16.3,33.1,175,5.11
6/4/2022,63,24.4,28.6,25.17,9.7,9.7,7,13.4,28.4,164,5.16
6/5/2022,63,24.3,28.4,24.42,15.1,15.1,8,12.6,28.1,184,4.98
6/6/2022,63,24.3,26.7,23.76,9.4,9.4,7,12.4,33.1,166,4.67
6/7/2022,61,23.5,26.4,17.98,4.8,4.8,3,16.6,35.6,191,3.67
6/8/2022,51,23.8,26.8,22.36,0.1,0.1,1,18.7,39.2,183,4.67
6/9/2022,51,24.4,27.1,23.37,0.3,0.3,3,18.9,36.4,182,5.12
6/10/2022,3,23.8,26.2,19.95,0,0,0,19.8,40.3,195,4.42
6/11/2022,51,23.4,25.8,20.45,0.2,0.2,1,20.5,41,199,4.4
6/12/2022,63,23,26.3,22.62,8.2,8.2,5,15.4,33.5,196,4.71
6/13/2022,51,23.5,26.4,21.5,0.1,0.1,1,14,33.1,187,4.55
6/14/2022,63,23.7,27,22.03,5.2,5.2,4,13.3,28.4,180,4.62
6/15/2022,53,23.8,26.3,22.19,3.7,3.7,8,15.9,32.4,163,4.32
6/16/2022,55,23.3,27.1,19.92,2.5,2.5,7,11.9,28.1,180,4.03
6/17/2022,63,22.9,27.1,17.73,15.5,15.5,22,8.9,22.3,194,3.7
6/18/2022,63,22.6,27.2,16.71,25,25,18,9,24.5,202,3.38
6/19/2022,55,23.1,26.6,19.7,4.8,4.8,13,11.2,24.5,189,4.02
6/20/2022,51,23.2,25.9,19.34,1.1,1.1,6,14.5,33.8,180,3.95
6/21/2022,63,22,24.3,14.97,10.6,10.6,12,19.8,45.4,188,3.03
6/22/2022,53,22.2,24.7,12.81,1.6,1.6,4,18.5,38.2,202,2.87
6/23/2022,53,22.5,25.1,14.66,1.6,1.6,7,18.1,41,209,3.12
6/24/2022,51,23.1,25.1,18.94,0.4,0.4,3,26,62.6,201,4.34
6/25/2022,53,22.5,24.1,16.48,1.6,1.6,9,25.3,55.8,198,3.69
6/26/2022,51,23,24.5,17.68,0.3,0.3,3,26.8,54.7,194,4.34
6/27/2022,51,22.9,24.6,14.75,0.2,0.2,2,24.1,44.6,194,3.6
6/28/2022,51,22.3,24.6,13.04,0.8,0.8,5,20.2,39.6,186,2.97
6/29/2022,63,22.3,25.3,17.32,10,10,12,19.8,41.8,188,3.7
6/30/2022,61,22.1,24.5,13.83,7.6,7.6,16,20.2,44.3,186,2.92
7/1/2022,63,22.6,24.6,15.49,4.8,4.8,10,25.5,58.7,175,3.36
7/2/2022,53,23.3,25.4,18.06,2.2,2.2,10,26.3,49.7,167,3.85
7/3/2022,63,22.7,24.8,14.08,7.9,7.9,9,23.3,48.2,176,3.17
7/4/2022,63,20.4,23.9,3.53,35.3,35.3,23,21.5,43.9,196,1.26
7/5/2022,55,20.7,22.7,7.35,13,13,24,25.8,51.8,189,1.78
7/6/2022,61,20.8,22.7,8.15,18.5,18.5,22,24.2,48.2,190,1.82
7/7/2022,63,20.8,23.2,8.96,22.6,22.6,20,22.9,51.8,185,2
7/8/2022,53,21,22.3,9.06,4.3,4.3,20,28.6,55.8,176,2.08
7/9/2022,61,20.5,22.7,8.41,14.3,14.3,22,23.1,49.7,182,1.87
7/10/2022,53,20.8,22.8,8.22,7.2,7.2,21,28.1,52.2,177,1.98
7/11/2022,53,20.7,22.6,8.95,4.7,4.7,14,23.5,55.1,181,1.96
7/12/2022,51,22.1,22.9,16.61,1.7,1.7,13,31,62.6,183,3.87
7/13/2022,51,21.6,21.8,12.95,2.7,2.7,16,35.3,63.7,186,2.94
7/14/2022,53,22,21.9,19.2,1.3,1.3,8,34.5,82.8,191,3.83
7/15/2022,51,22.4,23,18.65,1.7,1.7,9,26.6,61.9,191,3.98
7/16/2022,63,22,23.4,14.3,16.2,16.2,15,26.6,60.8,190,2.84
7/17/2022,63,22.4,24.7,13.78,9.6,9.6,14,25,48.6,176,2.93
7/18/2022,61,22.1,24.3,13.53,3.5,3.5,11,20.9,43.2,180,2.68
7/19/2022,55,22.4,26,15.06,4.5,4.5,13,15.5,33.1,180,3.23
7/20/2022,63,22.9,26.6,18.93,7.7,7.7,10,14.8,32,152,3.91
7/21/2022,53,22.9,26.1,18.76,2,2,9,15.1,34.9,156,3.8
7/22/2022,61,21.8,24.9,10.52,4.7,4.7,13,15.7,34.9,163,2.21
7/23/2022,51,21.9,24.6,14.92,1.7,1.7,9,19.4,38.9,173,3.04
7/24/2022,51,22.4,24.5,15.51,0.8,0.8,5,21.1,41.8,173,3.31
7/25/2022,51,22.1,24.9,13.1,1.9,1.9,12,18,37.8,158,2.82
7/26/2022,53,21.7,24.9,10.53,3,3,13,16.1,34.6,144,2.25
7/27/2022,63,22.4,26.8,19.81,20.1,20.1,15,8.3,20.5,105,3.92
7/28/2022,61,22.9,28.4,19.9,7.2,7.2,10,5.2,20.5,315,4.02
7/29/2022,63,23.1,28.8,22.28,7.8,7.8,10,8,23.8,20,4.57
7/30/2022,61,23,27.7,20.72,8.4,8.4,19,10.2,22.7,133,4.2
7/31/2022,63,23.3,28,18.75,22,22,20,10.6,23,131,3.84
8/1/2022,63,23.2,27.5,18.58,12.2,12.2,18,13,28.8,124,3.73
8/2/2022,63,22.4,25.8,13.39,24.5,24.5,21,12.3,25.9,109,2.74
8/3/2022,63,22.1,25.7,11.3,25.2,25.2,19,11.4,22,136,2.26
8/4/2022,63,21.9,25,10.56,15.7,15.7,22,12.3,31,167,2.11
8/5/2022,61,20.8,22.3,11.35,11.9,11.9,22,23.9,55.1,199,2.21
8/6/2022,53,20.9,22.2,9.6,9.3,9.3,24,29.9,56.9,190,2.13
8/7/2022,61,21.1,23.1,8.59,16.2,16.2,18,23.1,53.3,192,2.13
8/8/2022,53,21.9,23.1,12.04,4,4,12,25.2,63,194,2.87
8/9/2022,51,22.1,22.3,14.78,0.9,0.9,6,33.2,64.8,197,3.63
8/10/2022,51,22.1,22.8,16.78,1.2,1.2,7,31.4,63,196,3.93
8/11/2022,51,22.4,23.4,18.61,1,1,8,31.5,62.3,193,4.22
8/12/2022,51,22.7,24,16.1,0.4,0.4,4,27.8,51.8,186,3.79
8/13/2022,51,22.4,24.2,14.98,0.3,0.3,3,23.5,44.3,180,3.54
8/14/2022,51,22,23.6,13.08,0.2,0.2,2,23.4,45.4,175,3.01
8/15/2022,51,22.3,25.2,15.25,0.1,0.1,1,18,38.9,184,3.25
8/16/2022,3,23,26.7,21.14,0,0,0,12,28.8,169,4.46
8/17/2022,3,23.1,27.1,19.94,0,0,0,12,25.9,151,4.38
8/18/2022,51,22.9,26.2,21.05,0.8,0.8,7,16.8,37.8,141,4.33
8/19/2022,51,23.1,25.3,17.51,0.1,0.1,1,20.1,39.6,149,3.72
8/20/2022,51,22.7,25.1,16.23,0.1,0.1,1,17.6,37.8,166,3.34
8/21/2022,55,22.7,25.5,17.48,5,5,11,18,42.5,173,3.51
8/22/2022,53,22.3,24.7,16.98,2.4,2.4,10,22.9,49.3,174,3.47
8/23/2022,53,22.2,25.1,16.35,2.3,2.3,13,20.4,41,174,3.45
8/24/2022,53,21.8,24.2,13.94,2.9,2.9,9,19.7,38.9,164,2.84
8/25/2022,63,21.8,25,14.58,11.4,11.4,16,17.1,33.1,142,2.85
8/26/2022,63,21.9,25.2,14.59,11.3,11.3,15,16.2,33.5,140,2.86
8/27/2022,61,21.8,25.1,14.28,11.3,11.3,17,13.4,26.6,145,2.88
8/28/2022,61,21.4,24.8,13.33,13.7,13.7,22,16.1,30.2,126,2.64
8/29/2022,63,22,26.1,14.27,8.2,8.2,12,11.8,27.4,118,2.76
8/30/2022,55,22.8,27.5,17.18,6.1,6.1,15,8.9,24.5,343,3.52
8/31/2022,63,22.5,26.6,18.85,5.6,5.6,8,11.2,29.9,327,3.76
9/1/2022,53,22.3,25.9,14.16,3.1,3.1,12,10.5,20.2,312,2.89
9/2/2022,51,22.6,26.7,19.05,1.3,1.3,11,8.2,24.8,301,3.86
9/3/2022,61,22.9,28.4,20.02,6.9,6.9,12,5.5,17.6,216,4.08
9/4/2022,63,23.1,28.2,20.14,11.4,11.4,14,10,21.6,136,4.1
9/5/2022,61,23.2,27.5,18.47,9.5,9.5,19,10.8,24.5,140,3.74
9/6/2022,63,22.9,27,19.22,10,10,11,9.4,19.1,209,3.89
9/7/2022,53,22,24.7,14.73,6.2,6.2,18,13.7,36.4,206,2.93
9/8/2022,63,21,24,8.73,16.2,16.2,24,17.4,38.5,199,1.8
9/9/2022,51,22,24.7,11.81,0.1,0.1,1,19.4,39.2,202,2.64
9/10/2022,63,22,24.1,12.07,6,6,10,23.2,49,196,2.65
9/11/2022,51,22.3,23.6,14.24,0.2,0.2,2,28.1,55.8,201,3.28
9/12/2022,51,22.2,23.5,15.79,0.6,0.6,6,28.2,55.1,204,3.56
9/13/2022,53,22.1,24.2,17.36,1.9,1.9,10,21.9,41.8,208,3.56
9/14/2022,63,22.4,25.5,18.18,3.4,3.4,5,17,33.5,204,3.63
9/15/2022,51,22.1,24.5,17.05,0.1,0.1,1,18.2,36.7,193,3.45
9/16/2022,51,22.4,25.1,16.92,0.2,0.2,2,17,36,182,3.55
9/17/2022,51,22.3,25.8,17.55,0.3,0.3,3,14,30.6,182,3.65
9/18/2022,51,22.3,25.6,17.96,0.4,0.4,4,15.2,32,175,3.65
9/19/2022,51,21.8,24.8,16.96,0.7,0.7,5,16.2,36,173,3.42
9/20/2022,3,22,24,20.91,0,0,0,16.5,36.7,170,4.18
9/21/2022,3,21.8,24.4,19.22,0,0,0,17.9,37.1,170,3.8
9/22/2022,3,21.8,24.7,22.81,0,0,0,17.8,38.5,173,4.54
9/23/2022,51,21.9,24.7,23.85,0.2,0.2,2,15.7,33.8,168,4.78
9/24/2022,51,22.3,25,21.51,0.8,0.8,7,17.9,36.7,158,4.31
9/25/2022,51,22.5,25.2,20.97,0.1,0.1,1,14.3,31.7,138,4.25
9/26/2022,51,22.3,24.2,16.09,1,1,8,15.6,31.3,133,3.04
9/27/2022,51,22.6,25.5,15.97,0.7,0.7,6,14.8,33.1,141,3.32
9/28/2022,51,22.9,25.3,18.99,0.3,0.3,3,13.7,28.4,154,3.7
9/29/2022,51,22.3,24.3,16.05,0.1,0.1,1,15.5,33.5,157,3.33
9/30/2022,55,21.3,23,13.3,8.9,8.9,16,17.9,44.6,160,2.55
10/1/2022,63,20.3,22.2,7.67,20.6,20.6,24,16.7,40.7,173,1.51
10/2/2022,53,21.3,23.1,10.69,1.3,1.3,4,20.2,41,152,2.22
10/3/2022,51,22,24,13.53,0.6,0.6,6,18.3,37.8,139,2.73
10/4/2022,51,22.1,24.8,17.71,0.8,0.8,7,20.1,40.7,132,3.48
10/5/2022,51,22.3,25.4,16.7,1.1,1.1,6,17.1,33.1,148,3.21
10/6/2022,53,21,23.9,12.59,5.5,5.5,18,16.6,33.5,190,2.38
10/7/2022,53,21.6,24.2,20.5,0.9,0.9,3,12.3,29.5,199,3.96
10/8/2022,3,21.8,25.1,19.29,0,0,0,7.9,17.6,133,3.84
10/9/2022,63,21.7,25.4,11.37,16.3,16.3,13,9.1,19.4,91,2.31
10/10/2022,63,21.5,26,12.15,12.7,12.7,18,7.7,22.3,8,2.47
10/11/2022,63,21.9,26.2,15.19,6.2,6.2,10,11.2,26.6,294,3.03
10/12/2022,61,21.6,26.7,16.75,6.8,6.8,11,7.2,20.2,245,3.37
10/13/2022,53,22.4,26.8,17.37,3.5,3.5,16,8.3,17.6,23,3.55
10/14/2022,61,21.7,26.2,17.22,10.4,10.4,14,8.7,20.9,221,3.46
10/15/2022,61,22.1,26.9,17.43,6.6,6.6,14,9.5,24.5,47,3.57
10/16/2022,63,21.9,26.5,12.69,11.4,11.4,16,9.6,19.8,307,2.61
10/17/2022,55,21.9,26.4,18.02,3.2,3.2,8,11.1,27.4,340,3.63
10/18/2022,63,21.4,26,14.55,11.7,11.7,15,6.2,19.4,202,2.94
10/19/2022,61,21.9,26.6,19.21,7.8,7.8,13,8.4,21.2,57,3.87
10/20/2022,63,21.8,26.5,17.1,12.3,12.3,13,9.1,25.9,13,3.52
10/21/2022,55,21.7,25.5,16.93,3.6,3.6,9,13.8,34.2,10,3.37
10/22/2022,3,21.6,24.8,19.74,0,0,0,14.7,31,61,3.97
10/23/2022,0,20.7,23.7,23.89,0,0,0,11.8,26.6,93,4.68
10/24/2022,1,19.6,21,24.36,0,0,0,15.9,34.2,113,5
10/25/2022,0,19.4,21.3,24.45,0,0,0,10,24.5,101,4.92
10/26/2022,0,19.5,22.1,24.21,0,0,0,9,20.5,53,4.75
10/27/2022,0,19.9,22.2,23.89,0,0,0,9.7,23.4,20,4.67
10/28/2022,51,20.6,23,15.94,0.2,0.2,2,14,33.8,31,3.24
10/29/2022,51,20.9,23.5,13.64,0.2,0.2,2,14.1,33.8,16,2.75
10/30/2022,51,21.5,24.1,12.84,0.3,0.3,3,12.2,29.5,29,2.67
10/31/2022,1,21,23.7,19.76,0,0,0,13.6,32.8,47,4.12
11/1/2022,61,19.6,22.8,10.78,6.9,6.9,12,12,33.5,52,2.16
11/2/2022,55,19.3,21.8,5.27,8.8,8.8,19,15.8,31.7,56,1.17
11/3/2022,55,20.2,23,6.93,5.5,5.5,15,15.6,28.4,34,1.54
11/4/2022,61,21.2,24.1,14.45,3.2,3.2,12,15.1,33.8,5,3.02
11/5/2022,51,21.4,24.2,17.34,0.6,0.6,6,18.1,34.9,356,3.49
11/6/2022,51,20.9,23.8,15.97,1,1,5,15.3,31.3,18,3.11
11/7/2022,1,20.5,22.8,22.58,0,0,0,12.8,28.4,29,4.44
11/8/2022,3,20.6,22.9,19.08,0,0,0,12.5,27.7,27,3.86
11/9/2022,1,20.5,22.7,22.16,0,0,0,11.5,27,29,4.38
11/10/2022,51,20.6,22.9,20.03,0.1,0.1,1,14.1,32.4,30,3.98
11/11/2022,63,19.5,21.2,9.33,12.1,12.1,14,15,46.4,57,1.92
11/12/2022,53,19.8,21.3,5.53,4.6,4.6,18,21.4,38.9,47,1.13
11/13/2022,61,20.4,23,9.68,5.3,5.3,15,20.3,39.2,4,1.87
11/14/2022,53,20.9,23.2,15.71,1,1,4,13,28.1,10,3.12
11/15/2022,51,21.3,24.3,16.78,1,1,8,9.1,26.6,11,3.27
11/16/2022,3,21,24.2,18.28,0,0,0,9.4,25.2,40,3.65
11/17/2022,1,19.2,21.1,22.53,0,0,0,11.3,26.3,59,4.38
11/18/2022,1,18.3,19.2,21.41,0,0,0,11,24.8,45,4.32
11/19/2022,1,18,18.9,20.81,0,0,0,13.6,29.9,45,4.07
11/20/2022,1,17.8,19,18.63,0,0,0,11.8,23.8,54,3.63
11/21/2022,3,18.2,19.5,16.41,0,0,0,9.4,26.3,76,3.46
11/22/2022,51,20,22.7,6.35,0.2,0.2,2,8.7,17.6,64,1.44
11/23/2022,53,19.7,23.6,3.35,8.2,8.2,24,7.6,15.8,96,0.79
11/24/2022,53,21.1,24.7,11.96,3,3,15,10.9,24.1,343,2.3
11/25/2022,3,21.3,24.4,14.81,0,0,0,13.1,28.1,346,3.01
11/26/2022,3,21.5,25,17.54,0,0,0,10.2,24.1,357,3.57
11/27/2022,51,21.4,24.7,14.85,0.2,0.2,2,9.3,19.4,350,2.99
11/28/2022,51,21.8,25.3,15.5,0.4,0.4,4,8.7,19.4,340,3.07
11/29/2022,3,21.5,24.2,18.24,0,0,0,10.7,23.4,24,3.75
11/30/2022,2,19.5,21.3,20.99,0,0,0,9.3,23,25,3.99
12/1/2022,51,19.8,22.3,14.98,0.5,0.5,3,12.3,28.1,353,2.84
12/2/2022,51,21.6,24.4,13.61,0.1,0.1,1,12.8,27,358,2.86
12/3/2022,3,21.7,24.8,16.1,0,0,0,14,31,1,3.42
12/4/2022,3,21.8,23.8,15.44,0,0,0,15.9,33.1,13,3.25
12/5/2022,3,20.9,23.2,14.71,0,0,0,16.4,32.8,2,2.99
12/6/2022,3,21.2,23.4,17.36,0,0,0,11.5,27.7,32,3.39
12/7/2022,1,19.5,20.1,15.24,0,0,0,15.4,32.4,62,3.35
12/8/2022,51,19.4,19.4,14.54,0.2,0.2,1,16.6,33.8,92,3.34
12/9/2022,61,16.5,17.1,5.41,10.5,10.5,21,18.1,42.1,105,1.61
12/10/2022,63,17.1,17,1.31,46.6,46.6,24,25.3,48.6,121,0.34
12/11/2022,51,18.8,21.3,3.14,2.9,2.9,13,9.9,19.1,3,0.74
12/12/2022,63,20.1,22.6,9.69,10,10,13,12.8,31.7,340,1.89
12/13/2022,63,20.2,22.5,11.03,7.8,7.8,10,13.9,35.6,332,2.09
12/14/2022,51,20,22.1,12.97,0.1,0.1,1,17.7,33.8,336,2.5
12/15/2022,3,19.9,21.9,20.5,0,0,0,12.4,28.4,358,4.18
12/16/2022,0,18.9,20.4,20.83,0,0,0,13.7,29.5,8,4.45
12/17/2022,2,19.8,21.8,19.4,0,0,0,16.4,33.8,21,3.94
12/18/2022,3,20.1,22.2,15.91,0,0,0,19.2,40,52,3.21
12/19/2022,3,19.8,21.4,18.24,0,0,0,15.9,35.3,65,3.53
12/20/2022,1,19.6,21.6,20.27,0,0,0,11.9,27,70,3.97
12/21/2022,2,19.1,20.7,20.71,0,0,0,12.1,27.7,59,4.15
12/22/2022,1,18.4,19.4,21.06,0,0,0,14.9,32.8,51,4.34
12/23/2022,1,18.8,19.9,21.34,0,0,0,11.8,28.1,41,4.36
12/24/2022,1,18.6,19.9,21.18,0,0,0,11.8,26.6,41,4.26
12/25/2022,51,19.8,21.7,10.13,2.4,2.4,12,18.7,35.3,59,1.93
12/26/2022,51,21.6,23.6,13.69,1,1,7,18.9,39.6,97,2.76
12/27/2022,51,21.2,23.7,12.08,1.5,1.5,9,17.8,37.1,106,2.48
12/28/2022,3,21.7,24.3,17.81,0,0,0,12.6,29.9,101,3.69
12/29/2022,2,20.7,23,20.83,0,0,0,12.4,28.4,96,4.24
12/30/2022,0,20,22,21.09,0,0,0,11.7,30.6,92,4.25
12/31/2022,1,19.9,21.5,21.3,0,0,0,8.1,23,89,4.17
1/1/2023,1,19.9,21.6,20.91,0,0,0,11.3,26.3,78,4.25
1/2/2023,1,19.5,20.4,21.45,0,0,0,14.8,34.2,98,4.46
1/3/2023,3,19.7,21,20.48,0,0,0,13.7,32,95,4.08
1/4/2023,3,19.6,20.7,21.25,0,0,0,13.4,33.5,98,4.19
1/5/2023,3,19.7,20.2,17.16,0,0,0,16.7,36.7,101,3.6
1/6/2023,3,19.6,19.8,20.06,0,0,0,18.7,38.9,82,4.15
1/7/2023,3,19.4,20.3,14.9,0,0,0,18.3,38.2,75,3.1
1/8/2023,3,19.8,20.9,20.06,0,0,0,13.4,29.9,62,3.81
1/9/2023,3,18.8,18.1,22.21,0,0,0,12,28.4,80,4.52
1/10/2023,2,17.6,17.9,22.59,0,0,0,14,34.9,79,4.51
1/11/2023,2,18.1,18,22.74,0,0,0,11.5,28.8,79,4.69
1/12/2023,0,18.8,18.5,22.67,0,0,0,10.9,29.2,80,4.77
1/13/2023,1,19.3,19.2,22.17,0,0,0,10,22.7,95,4.62
1/14/2023,1,19.4,19.1,22.52,0,0,0,9.1,24.1,92,4.73
1/15/2023,0,19.2,19,23.06,0,0,0,9.8,22.7,96,4.91
1/16/2023,0,19.7,20,22.82,0,0,0,12.4,21.2,90,4.83
1/17/2023,0,19.2,19.5,22.78,0,0,0,11.9,22.3,111,4.82
1/18/2023,2,18.9,19.6,22.18,0,0,0,12.4,24.5,98,4.57
1/19/2023,3,19.1,19.3,22.59,0,0,0,12.6,25.9,92,4.71
1/20/2023,3,18.9,19.4,22.17,0,0,0,12.4,30.2,107,4.25
1/21/2023,3,20.6,20.9,19.05,0,0,0,12.6,30.2,94,3.85
1/22/2023,3,19.9,19.8,21.93,0,0,0,14.9,33.8,93,4.62
1/23/2023,3,20.1,20.8,16.42,0,0,0,14.4,31,107,3.43
1/24/2023,51,21.3,22.4,17.14,0.1,0.1,1,14.2,27.7,124,3.59
1/25/2023,3,20.3,20.6,21.8,0,0,0,13,25.6,112,4.57
1/26/2023,3,20.1,20.6,22.95,0,0,0,13,23.8,104,4.71
1/27/2023,3,19.9,20.8,22.71,0,0,0,11,25.9,98,4.72
1/28/2023,0,19.6,19.5,23.36,0,0,0,13.7,32.4,80,5.11
1/29/2023,1,19.8,20.2,23.09,0,0,0,17.3,38.5,87,5.12
1/30/2023,51,20.8,22.5,15.75,0.4,0.4,4,11.9,25.2,95,3.23
1/31/2023,3,21.9,22.5,19.66,0,0,0,17,37.8,59,4.45
2/1/2023,3,21.5,21.1,21.43,0,0,0,17.7,39.2,56,5.11
2/2/2023,3,22.1,20.4,14,0,0,0,19.8,43.6,62,4.35
2/3/2023,3,21.2,20.8,13.06,0,0,0,19.2,39.6,77,3.56
2/4/2023,2,22.1,22.4,22.14,0,0,0,16.1,36,83,5.36
2/5/2023,1,22.1,22.4,23.53,0,0,0,13.6,32,94,5.55
2/6/2023,1,21.8,21.9,23.73,0,0,0,11.9,28.1,103,5.23
2/7/2023,1,22.1,23.5,22.63,0,0,0,10.4,20.2,126,4.65
2/8/2023,1,22.9,23.4,23.61,0,0,0,12,28.1,82,5.4
2/9/2023,1,22.5,22.8,23.79,0,0,0,14.2,33.5,85,5.45
2/10/2023,1,22.3,21.8,24.17,0,0,0,15.3,35.3,80,5.67
2/11/2023,1,22.2,21.2,24.56,0,0,0,12.8,30.6,79,5.67
2/12/2023,1,22.6,21.9,24.6,0,0,0,15.7,35.3,84,6.07
2/13/2023,0,NaN,NaN,NaN,NaN,NaN,0,9.8,16.6,NaN,NaN
2/14/2023,NaN,NaN,NaN,NaN,NaN,NaN,0,NaN,NaN,NaN,NaN
2/15/2023,NaN,NaN,NaN,NaN,NaN,NaN,0,NaN,NaN,NaN,NaN
2/16/2023,NaN,NaN,NaN,NaN,NaN,NaN,0,NaN,NaN,NaN,NaN
2/17/2023,NaN,NaN,NaN,NaN,NaN,NaN,0,NaN,NaN,NaN,NaN
2/18/2023,NaN,NaN,NaN,NaN,NaN,NaN,0,NaN,NaN,NaN,NaN
